{
"__comment": "Designed by Woliongames with BDcraft Cubik PRO 0.93 Beta - http://bdcraft.net",
"textures": {
    "particle": "blocks/coal_block",
    "texture": "blocks/coal_block"
},
"elements": [ 
{
    "from": [ 5.25, 5, 8 ],
    "to": [ 11.25, 6, 9 ],
    "faces": {
        "down":  { "uv": [ 7, 8.75, 8, 14.75 ], "rotation": 90, "texture": "#texture" },
        "north": { "uv": [ 5, 8.75, 6, 14.75 ], "rotation": 270, "texture": "#texture" },
        "south": { "uv": [ 10, 8.75, 11, 14.75 ], "rotation": 90, "texture": "#texture" },
        "west":  { "uv": [ 11, 8, 10, 7 ], "rotation": 270, "texture": "#texture" },
        "east":  { "uv": [ 5, 7, 6, 8 ], "rotation": 270, "texture": "#texture" }
    }
},
{
    "from": [ 4.5, 5.25, 7 ],
    "to": [ 11, 6, 8 ],
    "faces": {
        "down":  { "uv": [ 8, 8.90625, 9, 15.4063 ], "rotation": 90, "texture": "#texture" },
        "north": { "uv": [ 5, 8.90625, 6, 15.4063 ], "rotation": 270, "texture": "#texture" },
        "south": { "uv": [ 10, 8.90625, 11, 15.4063 ], "rotation": 90, "texture": "#texture" },
        "west":  { "uv": [ 11, 9, 10, 8 ], "rotation": 270, "texture": "#texture" },
        "east":  { "uv": [ 5, 8, 6, 9 ], "rotation": 270, "texture": "#texture" }
    }
},
{
    "from": [ 5, 5.5, 6 ],
    "to": [ 11.25, 6, 7 ],
    "faces": {
        "down":  { "uv": [ 9, 8.875, 10, 15.125 ], "rotation": 90, "texture": "#texture" },
        "north": { "uv": [ 5, 8.875, 6, 15.125 ], "rotation": 270, "texture": "#texture" },
        "south": { "uv": [ 10, 8.875, 11, 15.125 ], "rotation": 90, "texture": "#texture" },
        "west":  { "uv": [ 11, 10, 10, 9 ], "rotation": 270, "texture": "#texture" },
        "east":  { "uv": [ 5, 9, 6, 10 ], "rotation": 270, "texture": "#texture" }
    }
},
{
    "from": [ 4.5, 5.25, 5 ],
    "to": [ 9.75, 6, 6 ],
    "faces": {
        "down":  { "uv": [ 10, 10.3125, 11, 15.5625 ], "rotation": 90, "texture": "#texture" },
        "north": { "uv": [ 5, 10.3125, 6, 15.5625 ], "rotation": 270, "texture": "#texture" },
        "south": { "uv": [ 10, 10.3125, 11, 15.5625 ], "rotation": 90, "texture": "#texture" },
        "west":  { "uv": [ 11, 11, 10, 10 ], "rotation": 270, "texture": "#texture" },
        "east":  { "uv": [ 5, 10, 6, 11 ], "rotation": 270, "texture": "#texture" }
    }
},
{
    "from": [ 4.5, 6.25, 10 ],
    "to": [ 10.5, 7, 10.75 ],
    "faces": {
        "down":  { "uv": [ 5, 9.46875, 6, 15.4688 ], "rotation": 90, "texture": "#texture" },
        "up":    { "uv": [ 10, 9.46875, 11, 15.4688 ], "rotation": 90, "texture": "#texture" },
        "north": { "uv": [ 6, 9.46875, 7, 15.4688 ], "rotation": 270, "texture": "#texture" },
        "south": { "uv": [ 9, 9.46875, 10, 15.4688 ], "rotation": 90, "texture": "#texture" },
        "west":  { "uv": [ 10, 6, 9, 5 ], "rotation": 270, "texture": "#texture" },
        "east":  { "uv": [ 6, 5, 7, 6 ], "rotation": 270, "texture": "#texture" }
    }
},
{
    "from": [ 5, 6, 9 ],
    "to": [ 11, 7, 10 ],
    "faces": {
        "down":  { "uv": [ 6, 9, 7, 15 ], "rotation": 90, "texture": "#texture" },
        "up":    { "uv": [ 9, 9, 10, 15 ], "rotation": 90, "texture": "#texture" },
        "south": { "uv": [ 9, 9, 10, 15 ], "rotation": 90, "texture": "#texture" },
        "west":  { "uv": [ 10, 7, 9, 6 ], "rotation": 270, "texture": "#texture" },
        "east":  { "uv": [ 6, 6, 7, 7 ], "rotation": 270, "texture": "#texture" }
    }
},
{
    "from": [ 4.75, 6, 8 ],
    "to": [ 11.25, 7, 9 ],
    "faces": {
        "down":  { "uv": [ 7, 8.6875, 8, 15.1875 ], "rotation": 90, "texture": "#texture" },
        "up":    { "uv": [ 8, 8.6875, 9, 15.1875 ], "rotation": 90, "texture": "#texture" },
        "north": { "uv": [ 6, 8.6875, 7, 15.1875 ], "rotation": 270, "texture": "#texture" },
        "south": { "uv": [ 9, 8.6875, 10, 15.1875 ], "rotation": 90, "texture": "#texture" },
        "west":  { "uv": [ 10, 8, 9, 7 ], "rotation": 270, "texture": "#texture" },
        "east":  { "uv": [ 6, 7, 7, 8 ], "rotation": 270, "texture": "#texture" }
    }
},
{
    "from": [ 4.25, 6, 7 ],
    "to": [ 11, 7, 8 ],
    "faces": {
        "down":  { "uv": [ 8, 8.90625, 9, 15.6563 ], "rotation": 90, "texture": "#texture" },
        "up":    { "uv": [ 7, 8.90625, 8, 15.6563 ], "rotation": 90, "texture": "#texture" },
        "south": { "uv": [ 9, 8.90625, 10, 15.6563 ], "rotation": 90, "texture": "#texture" },
        "west":  { "uv": [ 10, 9, 9, 8 ], "rotation": 270, "texture": "#texture" },
        "east":  { "uv": [ 6, 8, 7, 9 ], "rotation": 270, "texture": "#texture" }
    }
},
{
    "from": [ 4.25, 6, 6 ],
    "to": [ 11.25, 7, 7 ],
    "faces": {
        "down":  { "uv": [ 9, 8.6875, 10, 15.6875 ], "rotation": 90, "texture": "#texture" },
        "up":    { "uv": [ 6, 8.6875, 7, 15.6875 ], "rotation": 90, "texture": "#texture" },
        "south": { "uv": [ 9, 8.6875, 10, 15.6875 ], "rotation": 90, "texture": "#texture" },
        "west":  { "uv": [ 10, 10, 9, 9 ], "rotation": 270, "texture": "#texture" },
        "east":  { "uv": [ 6, 9, 7, 10 ], "rotation": 270, "texture": "#texture" }
    }
},
{
    "from": [ 4.25, 6, 5 ],
    "to": [ 11.25, 7, 6 ],
    "faces": {
        "down":  { "uv": [ 10, 8.6875, 11, 15.6875 ], "rotation": 90, "texture": "#texture" },
        "up":    { "uv": [ 5, 8.6875, 6, 15.6875 ], "rotation": 90, "texture": "#texture" },
        "north": { "uv": [ 6, 8.6875, 7, 15.6875 ], "rotation": 270, "texture": "#texture" },
        "west":  { "uv": [ 10, 11, 9, 10 ], "rotation": 270, "texture": "#texture" },
        "east":  { "uv": [ 6, 10, 7, 11 ], "rotation": 270, "texture": "#texture" }
    }
},
{
    "from": [ 5.25, 6.25, 4.25 ],
    "to": [ 11, 7, 5 ],
    "faces": {
        "down":  { "uv": [ 11, 9.03125, 12, 14.7813 ], "rotation": 90, "texture": "#texture" },
        "north": { "uv": [ 6, 9.03125, 7, 14.7813 ], "rotation": 270, "texture": "#texture" },
        "west":  { "uv": [ 10, 12, 9, 11 ], "rotation": 270, "texture": "#texture" },
        "east":  { "uv": [ 6, 11, 7, 12 ], "rotation": 270, "texture": "#texture" }
    }
},
{
    "from": [ 5.5, 7, 10 ],
    "to": [ 10.5, 8, 11 ],
    "faces": {
        "down":  { "uv": [ 5, 9.59375, 6, 14.5938 ], "rotation": 90, "texture": "#texture" },
        "up":    { "uv": [ 10, 9.59375, 11, 14.5938 ], "rotation": 90, "texture": "#texture" },
        "south": { "uv": [ 8, 9.59375, 9, 14.5938 ], "rotation": 90, "texture": "#texture" },
        "west":  { "uv": [ 9, 6, 8, 5 ], "rotation": 270, "texture": "#texture" },
        "east":  { "uv": [ 7, 5, 8, 6 ], "rotation": 270, "texture": "#texture" }
    }
},
{
    "from": [ 4.5, 7, 9 ],
    "to": [ 10.5, 8, 10 ],
    "faces": {
        "down":  { "uv": [ 6, 9.46875, 7, 15.4688 ], "rotation": 90, "texture": "#texture" },
        "up":    { "uv": [ 9, 9.46875, 10, 15.4688 ], "rotation": 90, "texture": "#texture" },
        "north": { "uv": [ 7, 9.46875, 8, 15.4688 ], "rotation": 270, "texture": "#texture" },
        "south": { "uv": [ 8, 9.46875, 9, 15.4688 ], "rotation": 90, "texture": "#texture" },
        "west":  { "uv": [ 9, 7, 8, 6 ], "rotation": 270, "texture": "#texture" },
        "east":  { "uv": [ 7, 6, 8, 7 ], "rotation": 270, "texture": "#texture" }
    }
},
{
    "from": [ 5.25, 7, 8 ],
    "to": [ 11.25, 8, 9 ],
    "faces": {
        "up":    { "uv": [ 8, 8.875, 9, 14.875 ], "rotation": 90, "texture": "#texture" },
        "south": { "uv": [ 8, 8.875, 9, 14.875 ], "rotation": 90, "texture": "#texture" },
        "west":  { "uv": [ 9, 8, 8, 7 ], "rotation": 270, "texture": "#texture" },
        "east":  { "uv": [ 7, 7, 8, 8 ], "rotation": 270, "texture": "#texture" }
    }
},
{
    "from": [ 4.75, 7, 7 ],
    "to": [ 11.25, 8, 8 ],
    "faces": {
        "down":  { "uv": [ 8, 8.875, 9, 15.375 ], "rotation": 90, "texture": "#texture" },
        "up":    { "uv": [ 7, 8.875, 8, 15.375 ], "rotation": 90, "texture": "#texture" },
        "north": { "uv": [ 7, 8.875, 8, 15.375 ], "rotation": 270, "texture": "#texture" },
        "south": { "uv": [ 8, 8.875, 9, 15.375 ], "rotation": 90, "texture": "#texture" },
        "west":  { "uv": [ 9, 9, 8, 8 ], "rotation": 270, "texture": "#texture" },
        "east":  { "uv": [ 7, 8, 8, 9 ], "rotation": 270, "texture": "#texture" }
    }
},
{
    "from": [ 5.25, 7, 6 ],
    "to": [ 11.75, 8, 7 ],
    "faces": {
        "down":  { "uv": [ 9, 8.28125, 10, 14.7813 ], "rotation": 90, "texture": "#texture" },
        "up":    { "uv": [ 6, 8.28125, 7, 14.7813 ], "rotation": 90, "texture": "#texture" },
        "north": { "uv": [ 7, 8.28125, 8, 14.7813 ], "rotation": 270, "texture": "#texture" },
        "south": { "uv": [ 8, 8.28125, 9, 14.7813 ], "rotation": 90, "texture": "#texture" },
        "west":  { "uv": [ 9, 10, 8, 9 ], "rotation": 270, "texture": "#texture" },
        "east":  { "uv": [ 7, 9, 8, 10 ], "rotation": 270, "texture": "#texture" }
    }
},
{
    "from": [ 5, 7, 5 ],
    "to": [ 11.25, 8, 6 ],
    "faces": {
        "up":    { "uv": [ 5, 8.8125, 6, 15.0625 ], "rotation": 90, "texture": "#texture" },
        "south": { "uv": [ 8, 8.8125, 9, 15.0625 ], "rotation": 90, "texture": "#texture" },
        "west":  { "uv": [ 9, 11, 8, 10 ], "rotation": 270, "texture": "#texture" },
        "east":  { "uv": [ 7, 10, 8, 11 ], "rotation": 270, "texture": "#texture" }
    }
},
{
    "from": [ 4.5, 7, 4 ],
    "to": [ 11.25, 8, 5 ],
    "faces": {
        "down":  { "uv": [ 11, 8.78125, 12, 15.5313 ], "rotation": 90, "texture": "#texture" },
        "up":    { "uv": [ 4, 8.78125, 5, 15.5313 ], "rotation": 90, "texture": "#texture" },
        "north": { "uv": [ 7, 8.78125, 8, 15.5313 ], "rotation": 270, "texture": "#texture" },
        "south": { "uv": [ 8, 8.78125, 9, 15.5313 ], "rotation": 90, "texture": "#texture" },
        "west":  { "uv": [ 9, 12, 8, 11 ], "rotation": 270, "texture": "#texture" },
        "east":  { "uv": [ 7, 11, 8, 12 ], "rotation": 270, "texture": "#texture" }
    }
},
{
    "from": [ 5.25, 8, 10 ],
    "to": [ 10, 9, 11 ],
    "faces": {
        "down":  { "uv": [ 5, 10.0625, 6, 14.8125 ], "rotation": 90, "texture": "#texture" },
        "up":    { "uv": [ 10, 10.0625, 11, 14.8125 ], "rotation": 90, "texture": "#texture" },
        "south": { "uv": [ 7, 10.0625, 8, 14.8125 ], "rotation": 90, "texture": "#texture" },
        "west":  { "uv": [ 8, 6, 7, 5 ], "rotation": 270, "texture": "#texture" },
        "east":  { "uv": [ 8, 5, 9, 6 ], "rotation": 270, "texture": "#texture" }
    }
},
{
    "from": [ 4.75, 8, 9 ],
    "to": [ 10, 9, 10 ],
    "faces": {
        "south": { "uv": [ 7, 10.0313, 8, 15.2813 ], "rotation": 90, "texture": "#texture" },
        "west":  { "uv": [ 8, 7, 7, 6 ], "rotation": 270, "texture": "#texture" },
        "east":  { "uv": [ 8, 6, 9, 7 ], "rotation": 270, "texture": "#texture" }
    }
},
{
    "from": [ 4.25, 8, 8 ],
    "to": [ 10, 9, 9 ],
    "faces": {
        "down":  { "uv": [ 7, 9.96875, 8, 15.7188 ], "rotation": 90, "texture": "#texture" },
        "up":    { "uv": [ 8, 9.96875, 9, 15.7188 ], "rotation": 90, "texture": "#texture" },
        "north": { "uv": [ 8, 9.96875, 9, 15.7188 ], "rotation": 270, "texture": "#texture" },
        "south": { "uv": [ 7, 9.96875, 8, 15.7188 ], "rotation": 90, "texture": "#texture" },
        "west":  { "uv": [ 8, 8, 7, 7 ], "rotation": 270, "texture": "#texture" },
        "east":  { "uv": [ 8, 7, 9, 8 ], "rotation": 270, "texture": "#texture" }
    }
},
{
    "from": [ 4.75, 8, 7 ],
    "to": [ 10.75, 9, 8 ],
    "faces": {
        "up":    { "uv": [ 7, 9.375, 8, 15.375 ], "rotation": 90, "texture": "#texture" },
        "south": { "uv": [ 7, 9.375, 8, 15.375 ], "rotation": 90, "texture": "#texture" },
        "west":  { "uv": [ 8, 9, 7, 8 ], "rotation": 270, "texture": "#texture" },
        "east":  { "uv": [ 8, 8, 9, 9 ], "rotation": 270, "texture": "#texture" }
    }
},
{
    "from": [ 4.75, 8, 6 ],
    "to": [ 11.5, 9, 7 ],
    "faces": {
        "down":  { "uv": [ 9, 8.59375, 10, 15.3438 ], "rotation": 90, "texture": "#texture" },
        "up":    { "uv": [ 6, 8.59375, 7, 15.3438 ], "rotation": 90, "texture": "#texture" },
        "north": { "uv": [ 8, 8.59375, 9, 15.3438 ], "rotation": 270, "texture": "#texture" },
        "south": { "uv": [ 7, 8.59375, 8, 15.3438 ], "rotation": 90, "texture": "#texture" },
        "west":  { "uv": [ 8, 10, 7, 9 ], "rotation": 270, "texture": "#texture" },
        "east":  { "uv": [ 8, 9, 9, 10 ], "rotation": 270, "texture": "#texture" }
    }
},
{
    "from": [ 3.875, 8, 5 ],
    "to": [ 11, 9, 6 ],
    "faces": {
        "down":  { "uv": [ 10, 8.875, 11, 16 ], "rotation": 90, "texture": "#texture" },
        "up":    { "uv": [ 5, 8.875, 6, 16 ], "rotation": 90, "texture": "#texture" },
        "north": { "uv": [ 8, 8.875, 9, 16 ], "rotation": 270, "texture": "#texture" },
        "south": { "uv": [ 7, 8.875, 8, 16 ], "rotation": 90, "texture": "#texture" },
        "west":  { "uv": [ 8, 11, 7, 10 ], "rotation": 270, "texture": "#texture" },
        "east":  { "uv": [ 8, 10, 9, 11 ], "rotation": 270, "texture": "#texture" }
    }
},
{
    "from": [ 4.75, 8, 4.25 ],
    "to": [ 11, 9, 5 ],
    "faces": {
        "up":    { "uv": [ 4, 9, 5, 15.25 ], "rotation": 90, "texture": "#texture" },
        "north": { "uv": [ 8, 9, 9, 15.25 ], "rotation": 270, "texture": "#texture" },
        "west":  { "uv": [ 8, 12, 7, 11 ], "rotation": 270, "texture": "#texture" },
        "east":  { "uv": [ 8, 11, 9, 12 ], "rotation": 270, "texture": "#texture" }
    }
},
{
    "from": [ 4.25, 9, 10 ],
    "to": [ 10.5, 10, 10.75 ],
    "faces": {
        "down":  { "uv": [ 5, 9.53125, 6, 15.7813 ], "rotation": 90, "texture": "#texture" },
        "up":    { "uv": [ 10, 9.53125, 11, 15.7813 ], "rotation": 90, "texture": "#texture" },
        "south": { "uv": [ 6, 9.53125, 7, 15.7813 ], "rotation": 90, "texture": "#texture" },
        "west":  { "uv": [ 7, 6, 6, 5 ], "rotation": 270, "texture": "#texture" },
        "east":  { "uv": [ 9, 5, 10, 6 ], "rotation": 270, "texture": "#texture" }
    }
},
{
    "from": [ 4.25, 9, 9 ],
    "to": [ 11.25, 10, 10 ],
    "faces": {
        "down":  { "uv": [ 6, 8.78125, 7, 15.7813 ], "rotation": 90, "texture": "#texture" },
        "up":    { "uv": [ 9, 8.78125, 10, 15.7813 ], "rotation": 90, "texture": "#texture" },
        "north": { "uv": [ 9, 8.78125, 10, 15.7813 ], "rotation": 270, "texture": "#texture" },
        "south": { "uv": [ 6, 8.78125, 7, 15.7813 ], "rotation": 90, "texture": "#texture" },
        "west":  { "uv": [ 7, 7, 6, 6 ], "rotation": 270, "texture": "#texture" },
        "east":  { "uv": [ 9, 6, 10, 7 ], "rotation": 270, "texture": "#texture" }
    }
},
{
    "from": [ 5, 9, 8 ],
    "to": [ 8, 10, 9 ],
    "faces": {
        "north": { "uv": [ 9, 12.125, 10, 15.125 ], "rotation": 270, "texture": "#texture" },
        "west":  { "uv": [ 7, 8, 6, 7 ], "rotation": 270, "texture": "#texture" },
        "east":  { "uv": [ 9, 7, 10, 8 ], "rotation": 270, "texture": "#texture" }
    }
},
{
    "from": [ 5.25, 9, 7 ],
    "to": [ 11.75, 10, 8 ],
    "faces": {
        "down":  { "uv": [ 8, 8.1875, 9, 14.6875 ], "rotation": 90, "texture": "#texture" },
        "up":    { "uv": [ 7, 8.1875, 8, 14.6875 ], "rotation": 90, "texture": "#texture" },
        "north": { "uv": [ 9, 8.1875, 10, 14.6875 ], "rotation": 270, "texture": "#texture" },
        "south": { "uv": [ 6, 8.1875, 7, 14.6875 ], "rotation": 90, "texture": "#texture" },
        "west":  { "uv": [ 7, 9, 6, 8 ], "rotation": 270, "texture": "#texture" },
        "east":  { "uv": [ 9, 8, 10, 9 ], "rotation": 270, "texture": "#texture" }
    }
},
{
    "from": [ 5, 9, 6 ],
    "to": [ 11.25, 10, 7 ],
    "faces": {
        "up":    { "uv": [ 6, 8.71875, 7, 14.9688 ], "rotation": 90, "texture": "#texture" },
        "south": { "uv": [ 6, 8.71875, 7, 14.9688 ], "rotation": 90, "texture": "#texture" },
        "west":  { "uv": [ 7, 10, 6, 9 ], "rotation": 270, "texture": "#texture" },
        "east":  { "uv": [ 9, 9, 10, 10 ], "rotation": 270, "texture": "#texture" }
    }
},
{
    "from": [ 3.9375, 9, 5 ],
    "to": [ 11.5, 10, 6 ],
    "faces": {
        "down":  { "uv": [ 10, 8.4375, 11, 16 ], "rotation": 90, "texture": "#texture" },
        "up":    { "uv": [ 5, 8.4375, 6, 16 ], "rotation": 90, "texture": "#texture" },
        "north": { "uv": [ 9, 8.4375, 10, 16 ], "rotation": 270, "texture": "#texture" },
        "south": { "uv": [ 6, 8.4375, 7, 16 ], "rotation": 90, "texture": "#texture" },
        "west":  { "uv": [ 7, 11, 6, 10 ], "rotation": 270, "texture": "#texture" },
        "east":  { "uv": [ 9, 10, 10, 11 ], "rotation": 270, "texture": "#texture" }
    }
},
{
    "from": [ 4.25, 9, 4.5 ],
    "to": [ 11.25, 9.75, 5 ],
    "faces": {
        "down":  { "uv": [ 11, 8.71875, 12, 15.7188 ], "rotation": 90, "texture": "#texture" },
        "up":    { "uv": [ 4, 8.71875, 5, 15.7188 ], "rotation": 90, "texture": "#texture" },
        "north": { "uv": [ 9, 8.71875, 10, 15.7188 ], "rotation": 270, "texture": "#texture" },
        "west":  { "uv": [ 7, 12, 6, 11 ], "rotation": 270, "texture": "#texture" },
        "east":  { "uv": [ 9, 11, 10, 12 ], "rotation": 270, "texture": "#texture" }
    }
},
{
    "from": [ 3.9375, 10, 9 ],
    "to": [ 10, 10.75, 10 ],
    "faces": {
        "down":  { "uv": [ 6, 9.9375, 7, 16 ], "rotation": 90, "texture": "#texture" },
        "up":    { "uv": [ 9, 9.9375, 10, 16 ], "rotation": 90, "texture": "#texture" },
        "north": { "uv": [ 10, 9.9375, 11, 16 ], "rotation": 270, "texture": "#texture" },
        "south": { "uv": [ 5, 9.9375, 6, 16 ], "rotation": 90, "texture": "#texture" },
        "west":  { "uv": [ 6, 7, 5, 6 ], "rotation": 270, "texture": "#texture" },
        "east":  { "uv": [ 10, 6, 11, 7 ], "rotation": 270, "texture": "#texture" }
    }
},
{
    "from": [ 4.75, 10, 8 ],
    "to": [ 11.5, 11, 9 ],
    "faces": {
        "down":  { "uv": [ 7, 8.5, 8, 15.25 ], "rotation": 90, "texture": "#texture" },
        "up":    { "uv": [ 8, 8.5, 9, 15.25 ], "rotation": 90, "texture": "#texture" },
        "north": { "uv": [ 10, 8.5, 11, 15.25 ], "rotation": 270, "texture": "#texture" },
        "south": { "uv": [ 5, 8.5, 6, 15.25 ], "rotation": 90, "texture": "#texture" },
        "west":  { "uv": [ 6, 8, 5, 7 ], "rotation": 270, "texture": "#texture" },
        "east":  { "uv": [ 10, 7, 11, 8 ], "rotation": 270, "texture": "#texture" }
    }
},
{
    "from": [ 3.875, 10, 7 ],
    "to": [ 11.25, 11, 8 ],
    "faces": {
        "down":  { "uv": [ 8, 8.625, 9, 16 ], "rotation": 90, "texture": "#texture" },
        "up":    { "uv": [ 7, 8.625, 8, 16 ], "rotation": 90, "texture": "#texture" },
        "north": { "uv": [ 10, 8.625, 11, 16 ], "rotation": 270, "texture": "#texture" },
        "south": { "uv": [ 5, 8.625, 6, 16 ], "rotation": 90, "texture": "#texture" },
        "west":  { "uv": [ 6, 9, 5, 8 ], "rotation": 270, "texture": "#texture" },
        "east":  { "uv": [ 10, 8, 11, 9 ], "rotation": 270, "texture": "#texture" }
    }
},
{
    "from": [ 3.9375, 10, 6 ],
    "to": [ 9, 11, 7 ],
    "faces": {
        "down":  { "uv": [ 9, 10.9375, 10, 16 ], "rotation": 90, "texture": "#texture" },
        "up":    { "uv": [ 6, 10.9375, 7, 16 ], "rotation": 90, "texture": "#texture" },
        "north": { "uv": [ 10, 10.9375, 11, 16 ], "rotation": 270, "texture": "#texture" },
        "west":  { "uv": [ 6, 10, 5, 9 ], "rotation": 270, "texture": "#texture" },
        "east":  { "uv": [ 10, 9, 11, 10 ], "rotation": 270, "texture": "#texture" }
    }
},
{
    "from": [ 4.0625, 10, 5 ],
    "to": [ 11, 10.75, 6 ],
    "faces": {
        "up":    { "uv": [ 5, 9.0625, 6, 16 ], "rotation": 90, "texture": "#texture" },
        "north": { "uv": [ 10, 9.0625, 11, 16 ], "rotation": 270, "texture": "#texture" },
        "south": { "uv": [ 5, 9.0625, 6, 16 ], "rotation": 90, "texture": "#texture" },
        "west":  { "uv": [ 6, 11, 5, 10 ], "rotation": 270, "texture": "#texture" },
        "east":  { "uv": [ 10, 10, 11, 11 ], "rotation": 270, "texture": "#texture" }
    }
},
{
    "from": [ 4.25, 11, 8 ],
    "to": [ 10.75, 11.5, 9 ],
    "faces": {
        "down":  { "uv": [ 7, 9.1875, 8, 15.6875 ], "rotation": 90, "texture": "#texture" },
        "up":    { "uv": [ 8, 9.1875, 9, 15.6875 ], "rotation": 90, "texture": "#texture" },
        "north": { "uv": [ 11, 9.1875, 12, 15.6875 ], "rotation": 270, "texture": "#texture" },
        "south": { "uv": [ 4, 9.1875, 5, 15.6875 ], "rotation": 90, "texture": "#texture" },
        "west":  { "uv": [ 5, 8, 4, 7 ], "rotation": 270, "texture": "#texture" },
        "east":  { "uv": [ 11, 7, 12, 8 ], "rotation": 270, "texture": "#texture" }
    }
}
],
"display": {
    "thirdperson": {
        "rotation": [ 0, 0, 0 ],
        "translation": [ 0, 2.8, -1.5 ],
        "scale": [ 1, 1, 1 ]
    },
    "head": {
        "rotation": [ 0, 0, 0 ],
        "translation": [ 0, 4.8, 0 ],
        "scale": [ 2, 2, 2 ]
    },
    "ground": {
        "rotation": [ 0, 0, 0 ],
        "translation": [ 0, -7.3, 0 ],
        "scale": [ 2, 2, 2 ]
    },
    "fixed": {
        "rotation": [ 0, 0, 0 ],
        "translation": [ 0, 0, -1.2 ],
        "scale": [ 2, 2, 2 ]
    },
    "firstperson": {
        "rotation": [ 0, 0, 0 ],
        "translation": [ -5.7, 4.5, 0 ],
        "scale": [ 1, 1, 1 ]
    },
    "gui": {
        "rotation": [ 0, -17, 0 ],
        "translation": [ 0, 0, 0 ],
        "scale": [ 2, 2, 2 ]
    }
}
}