{
"__comment": "Designed by Woliongames with BDcraft Cubik PRO 0.92 Beta - http://bdcraft.net",
"parent": "block/flower_pot",
"display": {
    "thirdperson": {
        "rotation": [ -146, 0, 0 ],
        "translation": [ 0, 0.6, -2.5 ],
        "scale": [ 1, 1, 1 ]
    },
    "head": {
        "rotation": [ 0, 0, 180 ],
        "translation": [ 0, 1.3, 0 ],
        "scale": [ 2, 2, 2 ]
    },
    "ground": {
        "rotation": [ 0, 0, 0 ],
        "translation": [ 0, -6.7, 0 ],
        "scale": [ 3, 3, 3 ]
    },
    "fixed": {
        "rotation": [ 0, 0, 0 ],
        "translation": [ 0, 7.2, -3.4 ],
        "scale": [ 3, 3, 3 ]
    },
    "firstperson": {
        "rotation": [ -18, 69, 6 ],
        "translation": [ -7.1, 8.9, 0.4 ],
        "scale": [ 1.5, 1.5, 1.5 ]
    },
    "gui": {
        "rotation": [ 0, 0, 0 ],
        "translation": [ 0, 2.6, 0 ],
        "scale": [ 1.5, 1.5, 1.5 ]
    }
}
}