{
"parent": "block/ladder",
"display": {
    "thirdperson": {
        "rotation": [ -113, -4, 0 ],
        "translation": [ 0.1, -0.2, -1.7 ],
        "scale": [ 1, 1, 1 ]
    },
    "head": {
        "rotation": [ -90, 0, 0 ],
        "translation": [ 0, 2, 0 ],
        "scale": [ 1, 1, 1 ]
    },
    "firstperson": {
        "rotation": [ 11, 154, -8 ],
        "translation": [ 0, 2.2, 0.2 ],
        "scale": [ 1, 1, 1 ]
    },
    "gui": {
        "rotation": [ 0, 0, 0 ],
        "translation": [ -4, -3, 0 ],
        "scale": [ 1.3, 1.3, 1.3 ]
    }
}
}