{
    "__comment": "(c) 2015 Wolion Games",
    "variants": {
        "normal": [
            { "model": "acacia_leaves" },
            { "model": "acacia_leaves", "y":90 },
            { "model": "acacia_leaves", "y":180 },
            { "model": "acacia_leaves", "y":270 },
             { "model": "acacia_leaves1" },
            { "model": "acacia_leaves1", "y":90 },
            { "model": "acacia_leaves1", "y":180 },
            { "model": "acacia_leaves1", "y":270 } 
 
        ]
    }
}
