{
    "__comment": "(c) 2015 Wolion Games",
    "variants": {
        "normal": [
            { "model": "jungle_leaves" },
            { "model": "jungle_leaves", "y":90 },
            { "model": "jungle_leaves", "y":180 },
            { "model": "jungle_leaves", "y":270 },
            { "model": "jungle_leaves", "x":90 },
            { "model": "jungle_leaves", "x":180 },
            { "model": "jungle_leaves", "x":270 },
            { "model": "jungle_leaves", "z":90 },
            { "model": "jungle_leaves", "z":180 },
            { "model": "jungle_leaves", "z":270 },
            { "model": "jungle_leaves1" },
            { "model": "jungle_leaves1", "y":90 },
            { "model": "jungle_leaves1", "y":180 },
            { "model": "jungle_leaves1", "y":270 },
            { "model": "jungle_leaves1", "x":90 },
            { "model": "jungle_leaves1", "x":180 },
            { "model": "jungle_leaves1", "x":270 },
            { "model": "jungle_leaves1", "z":90 },
            { "model": "jungle_leaves1", "z":180 },
            { "model": "jungle_leaves1", "z":270 }
        ]
    }
}
