{
    "variants": {
        "normal": [
        { "model": "sand_4","weight":500},
        { "model": "sand_4","weight":500, "y": 180 },
        { "model": "sand_0","weight":10 },
        { "model": "sand_0","weight":10, "y": 180 },
		{ "model": "sand_1","weight":10},
        { "model": "sand_1","weight":10, "y": 180 },
        { "model": "sand_2","weight":10 },
        { "model": "sand_2","weight":10, "y": 180 },
        { "model": "sand_3","weight":10 },
        { "model": "sand_3","weight":10, "y": 180 },
        { "model": "sand_5","weight":10 },
        { "model": "sand_5","weight":10, "y": 180 },
        { "model": "sand_6","weight":10 },
        { "model": "sand_6","weight":10, "y": 180 },
        { "model": "sand_7","weight":1 },
        { "model": "sand_7","weight":1, "y": 180 }
		]
    }
}
