{
    "__comment": "(c) 2015 Wolion Games",
    "variants": {
        "normal": [
            { "model": "spruce_leaves" },
            { "model": "spruce_leaves", "y":90 },
            { "model": "spruce_leaves", "y":180 },
            { "model": "spruce_leaves", "y":270 },
            { "model": "spruce_leaves1" },
            { "model": "spruce_leaves1", "y":90 },
            { "model": "spruce_leaves1", "y":180 },
            { "model": "spruce_leaves1", "y":270 }
        ]
    }
}
