{
"__comment": "Designed by Woliongames with BDcraft Cubik PRO 0.90 Beta - http://bdcraft.net",
"textures": {
    "particle": "blocks/door_acacia_upper",
    "top": "blocks/door_acacia_upper",
    "gitter": "blocks/hopper"
},
"elements": [ 
{
    "__comment": "tuer",
    "from": [ 0.25, 0, 0 ],
    "to": [ 0.75, 16, 16 ],
    "faces": {
        "down":  { "uv": [ 15.75, 16, 15.25, 0 ], "texture": "#top" },
        "up":    { "uv": [ 0.25, 0, 0.75, 16 ], "texture": "#top" },
        "north": { "uv": [ 0.75, 0, 0.25, 16 ], "texture": "#top" },
        "south": { "uv": [ 0.25, 0, 0.75, 16 ], "texture": "#top" },
        "west":  { "uv": [ 16, 0, 0, 16 ], "texture": "#top" },
        "east":  { "uv": [ 0, 0, 16, 16 ], "texture": "#top" }
    }
},
{
    "__comment": "bretter",
    "from": [ -0.125, 9.5, 0.5 ],
    "to": [ 1.125, 11.5, 15.25 ],
    "faces": {
        "down":  { "uv": [ 16, 15.25, 14.875, 0.5 ], "texture": "#top" },
        "up":    { "uv": [ 0, 0.5, 1.125, 15.25 ], "texture": "#top" },
        "north": { "uv": [ 1.125, 4.5, 0, 6.5 ], "texture": "#top" },
        "south": { "uv": [ 0, 4.5, 1.125, 6.5 ], "texture": "#top" },
        "west":  { "uv": [ 15.25, 4.5, 0.5, 6.5 ], "texture": "#top" },
        "east":  { "uv": [ 0.5, 4.5, 15.25, 6.5 ], "texture": "#top" }
    }
},
{
    "__comment": "gitter",
    "from": [ 0.125, 4, 6.875 ],
    "to": [ 0.875, 8.75, 7.125 ],
    "faces": {
        "down":  { "uv": [ 6.75, 8.5, 7.5, 8.75 ], "texture": "#gitter" },
        "up":    { "uv": [ 6.75, 8.5, 7.5, 8.75 ], "texture": "#gitter" },
        "north": { "uv": [ 8.75, 7.25, 9, 12 ], "texture": "#gitter" },
        "south": { "uv": [ 8.75, 7.25, 9, 12 ], "texture": "#gitter" },
        "west":  { "uv": [ 6.875, 7.25, 7.125, 12 ], "texture": "#gitter" },
        "east":  { "uv": [ 6.875, 7.25, 7.125, 12 ], "texture": "#gitter" }
    }
},
{
    "__comment": "gitter*",
    "from": [ 0.125, 4, 8.875 ],
    "to": [ 0.875, 8.75, 9.125 ],
    "faces": {
        "down":  { "uv": [ 7.5, 8.5, 8.25, 8.75 ], "texture": "#gitter" },
        "up":    { "uv": [ 7.5, 8.5, 8.25, 8.75 ], "texture": "#gitter" },
        "north": { "uv": [ 6.75, 7.25, 7, 11.75 ], "texture": "#gitter" },
        "south": { "uv": [ 6.75, 7.25, 7, 11.75 ], "texture": "#gitter" },
        "west":  { "uv": [ 8.875, 7.25, 9.125, 12 ], "texture": "#gitter" },
        "east":  { "uv": [ 8.875, 7.25, 9.125, 12 ], "texture": "#gitter" }
    }
},
{
    "__comment": "gitter_w",
    "from": [ 0, 7.125, 5.5 ],
    "to": [ 1, 7.375, 10.25 ],
    "faces": {
        "down":  { "uv": [ 6.75, 7.25, 7, 12 ], "texture": "#gitter" },
        "up":    { "uv": [ 6.75, 7.25, 7, 12 ], "texture": "#gitter" },
        "north": { "uv": [ 7.5, 8.5, 8.5, 8.75 ], "texture": "#gitter" },
        "south": { "uv": [ 7.5, 8.5, 8.5, 8.75 ], "texture": "#gitter" },
        "west":  { "uv": [ 5.5, 8.625, 10.25, 8.875 ], "texture": "#gitter" },
        "east":  { "uv": [ 5.5, 8.625, 10.25, 8.875 ], "texture": "#gitter" }
    }
},
{
    "__comment": "gitter_w*",
    "from": [ 0, 5.125, 5.5 ],
    "to": [ 1, 5.375, 10.25 ],
    "faces": {
        "down":  { "uv": [ 6.75, 7.25, 7, 12 ], "texture": "#gitter" },
        "up":    { "uv": [ 6.75, 7.25, 7, 12 ], "texture": "#gitter" },
        "north": { "uv": [ 7.25, 8.5, 8.25, 8.75 ], "texture": "#gitter" },
        "south": { "uv": [ 7.25, 8.5, 8.25, 8.75 ], "texture": "#gitter" },
        "west":  { "uv": [ 5.5, 10.625, 10.25, 10.875 ], "texture": "#gitter" },
        "east":  { "uv": [ 5.5, 10.625, 10.25, 10.875 ], "texture": "#gitter" }
    }
}
]
}