{
"__comment": "Designed by Woliongames with BDcraft Cubik PRO 0.90 Beta - http://bdcraft.net",
"textures": {
    "particle": "blocks/door_acacia_lower",
    "bottom": "blocks/door_acacia_lower"
},
"elements": [ 
{
    "__comment": "tuer",
    "from": [ 0.25, 0, 0 ],
    "to": [ 0.75, 16, 16 ],
    "faces": {
        "down":  { "uv": [ 15.75, 16, 15.25, 0 ], "texture": "#bottom" },
        "up":    { "uv": [ 0.25, 0, 0.75, 16 ], "texture": "#bottom" },
        "north": { "uv": [ 0.75, 0, 0.25, 16 ], "texture": "#bottom" },
        "south": { "uv": [ 0.25, 0, 0.75, 16 ], "texture": "#bottom" },
        "west":  { "uv": [ 0, 0, 16, 16 ], "texture": "#bottom" },
        "east":  { "uv": [ 16, 0, 0, 16 ], "texture": "#bottom" }
    }
},
{
    "__comment": "bretter",
    "from": [ -0.125, 1.5, 0.75 ],
    "to": [ 1.125, 3.5, 15.5 ],
    "faces": {
        "down":  { "uv": [ 16, 15.5, 14.875, 0.75 ], "texture": "#bottom" },
        "up":    { "uv": [ 0, 0.75, 1.125, 15.5 ], "texture": "#bottom" },
        "north": { "uv": [ 1.125, 12.5, 0, 14.5 ], "texture": "#bottom" },
        "south": { "uv": [ 0, 12.5, 1.125, 14.5 ], "texture": "#bottom" },
        "west":  { "uv": [ 0.75, 12.5, 15.5, 14.5 ], "texture": "#bottom" },
        "east":  { "uv": [ 15.5, 12.5, 0.75, 14.5 ], "texture": "#bottom" }
    }
},
{
    "__comment": "ring",
    "from": [ -0.25, 14, 13.5 ],
    "to": [ 0.25, 15, 14.25 ],
    "faces": {
        "down":  { "uv": [ 13.5, 0.75, 14, 1.5 ], "texture": "#bottom" },
        "up":    { "uv": [ 13.5, 0.75, 14, 1.5 ], "texture": "#bottom" },
        "north": { "uv": [ 13.5, 0.5, 14, 1.5 ], "texture": "#bottom" },
        "south": { "uv": [ 13.5, 0.5, 14, 1.5 ], "texture": "#bottom" },
        "west":  { "uv": [ 13.5, 1, 14.25, 2 ], "texture": "#bottom" },
        "east":  { "uv": [ 13.5, 1, 14.25, 2 ], "texture": "#bottom" }
    }
},
{
    "__comment": "ring",
    "from": [ 0, 15, 13.5 ],
    "to": [ 0.25, 15.5, 14.25 ],
    "faces": {
        "down":  { "uv": [ 13.5, 0.75, 14, 1.5 ], "texture": "#bottom" },
        "up":    { "uv": [ 13.5, 0.75, 14, 1.5 ], "texture": "#bottom" },
        "north": { "uv": [ 13.5, 1, 14, 1.5 ], "texture": "#bottom" },
        "south": { "uv": [ 13.5, 1, 14, 1.5 ], "texture": "#bottom" },
        "west":  { "uv": [ 13.5, 0.5, 14.25, 1 ], "texture": "#bottom" },
        "east":  { "uv": [ 13.5, 0.5, 14.25, 1 ], "texture": "#bottom" }
    }
},
{
    "__comment": "ring*",
    "from": [ 0.75, 14, 13.5 ],
    "to": [ 1.25, 15, 14.25 ],
    "faces": {
        "down":  { "uv": [ 13.5, 0.75, 14, 1.5 ], "texture": "#bottom" },
        "up":    { "uv": [ 13.5, 0.75, 14, 1.5 ], "texture": "#bottom" },
        "north": { "uv": [ 13.5, 0.5, 14, 1.5 ], "texture": "#bottom" },
        "south": { "uv": [ 13.5, 0.5, 14, 1.5 ], "texture": "#bottom" },
        "west":  { "uv": [ 14.25, 1, 13.5, 2 ], "texture": "#bottom" },
        "east":  { "uv": [ 14.25, 1, 13.5, 2 ], "texture": "#bottom" }
    }
},
{
    "__comment": "ring*",
    "from": [ 0.75, 15, 13.5 ],
    "to": [ 1, 15.5, 14.25 ],
    "faces": {
        "down":  { "uv": [ 13.5, 0.75, 14, 1.5 ], "texture": "#bottom" },
        "up":    { "uv": [ 13.5, 0.75, 14, 1.5 ], "texture": "#bottom" },
        "north": { "uv": [ 13.5, 1, 14, 1.5 ], "texture": "#bottom" },
        "south": { "uv": [ 13.5, 1, 14, 1.5 ], "texture": "#bottom" },
        "west":  { "uv": [ 14.25, 0.5, 13.5, 1 ], "texture": "#bottom" },
        "east":  { "uv": [ 14.25, 0.5, 13.5, 1 ], "texture": "#bottom" }
    }
}
]
}