{
"__comment": "Designed by Woliongames with BDcraft Cubik PRO 0.87 Beta - http://bdcraft.net",
"textures": {
    "particle": "blocks/iron_bars",
    "texture": "blocks/iron_bars"
},
"elements": [ 
{
    "__comment": "waagerecht",
    "from": [ 7.875, 13.75, 0 ],
    "to": [ 8.125, 14.25, 8.125 ],
    "faces": {
        "down":  { "uv": [ 6.125, 0, 6.375, 8.125 ], "texture": "#texture" },
        "up":    { "uv": [ 6.125, 0, 6.375, 8.125 ], "texture": "#texture" },
        "north": { "uv": [ 7.875, 1.75, 8.125, 2.25 ], "texture": "#texture" },
        "south": { "uv": [ 7.875, 1.75, 8.125, 2.25 ], "texture": "#texture" },
        "west":  { "uv": [ 0, 1.75, 8.125, 2.25 ], "texture": "#texture" },
        "east":  { "uv": [ 7.875, 1.75, 16, 2.25 ], "texture": "#texture" }
    }
},
{
    "__comment": "waagerecht",
    "from": [ 7.875, 9.75, 0 ],
    "to": [ 8.125, 10.25, 8.125 ],
    "faces": {
        "down":  { "uv": [ 6.125, 0, 6.375, 8.125 ], "texture": "#texture" },
        "up":    { "uv": [ 6.125, 0, 6.375, 8.125 ], "texture": "#texture" },
        "north": { "uv": [ 7.875, 5.75, 8.125, 6.25 ], "texture": "#texture" },
        "south": { "uv": [ 7.875, 5.75, 8.125, 6.25 ], "texture": "#texture" },
        "west":  { "uv": [ 0, 5.75, 8.125, 6.25 ], "texture": "#texture" },
        "east":  { "uv": [ 7.875, 5.75, 16, 6.25 ], "texture": "#texture" }
    }
},
{
    "__comment": "waagerecht",
    "from": [ 7.875, 5.75, 0 ],
    "to": [ 8.125, 6.25, 8.125 ],
    "faces": {
        "down":  { "uv": [ 6, 0, 6.25, 8.125 ], "texture": "#texture" },
        "up":    { "uv": [ 6, 0, 6.25, 8.125 ], "texture": "#texture" },
        "north": { "uv": [ 7.875, 9.75, 8.125, 10.25 ], "texture": "#texture" },
        "south": { "uv": [ 7.875, 9.75, 8.125, 10.25 ], "texture": "#texture" },
        "west":  { "uv": [ 0, 9.75, 8.125, 10.25 ], "texture": "#texture" },
        "east":  { "uv": [ 7.875, 9.75, 16, 10.25 ], "texture": "#texture" }
    }
},
{
    "__comment": "waagerecht",
    "from": [ 7.875, 1.75, 0 ],
    "to": [ 8.125, 2.25, 8.125 ],
    "faces": {
        "down":  { "uv": [ 6, 0, 6.25, 8.125 ], "texture": "#texture" },
        "up":    { "uv": [ 6, 0, 6.25, 8.125 ], "texture": "#texture" },
        "north": { "uv": [ 7.875, 13.75, 8.125, 14.25 ], "texture": "#texture" },
        "south": { "uv": [ 7.875, 13.75, 8.125, 14.25 ], "texture": "#texture" },
        "west":  { "uv": [ 0, 13.75, 8.125, 14.25 ], "texture": "#texture" },
        "east":  { "uv": [ 7.875, 13.75, 16, 14.25 ], "texture": "#texture" }
    }
},
{
    "__comment": "west",
    "from": [ 7.75, 0, 1.5 ],
    "to": [ 8.25, 16, 2.5 ],
    "faces": {
        "down":  { "uv": [ 14.5, 8.25, 13.5, 7.75 ], "rotation": 270, "texture": "#texture" },
        "up":    { "uv": [ 1.5, 7.75, 2.5, 8.25 ], "rotation": 90, "texture": "#texture" },
        "north": { "uv": [ 5.75, 0, 6.25, 16 ], "texture": "#texture" },
        "south": { "uv": [ 5.75, 0, 6.25, 16 ], "texture": "#texture" },
        "west":  { "uv": [ 1.5, 0, 2.5, 16 ], "texture": "#texture" },
        "east":  { "uv": [ 13.5, 0, 14.5, 16 ], "texture": "#texture" }
    }
},
{
    "__comment": "west innen",
    "from": [ 7.75, 0, 5.5 ],
    "to": [ 8.25, 16, 6.5 ],
    "faces": {
        "down":  { "uv": [ 10.5, 8.25, 9.5, 7.75 ], "rotation": 270, "texture": "#texture" },
        "up":    { "uv": [ 5.5, 7.75, 6.5, 8.25 ], "rotation": 90, "texture": "#texture" },
        "north": { "uv": [ 5.75, 0, 6.25, 16 ], "texture": "#texture" },
        "south": { "uv": [ 5.75, 0, 6.25, 16 ], "texture": "#texture" },
        "west":  { "uv": [ 5.5, 0, 6.5, 16 ], "texture": "#texture" },
        "east":  { "uv": [ 9.5, 0, 10.5, 16 ], "texture": "#texture" }
    }
},
{
    "__comment": "west",
    "from": [ 7.5, 0, 1.75 ],
    "to": [ 7.75, 16, 2.25 ],
    "faces": {
        "down":  { "uv": [ 14.25, 8.5, 13.75, 8.25 ], "rotation": 270, "texture": "#texture" },
        "up":    { "uv": [ 1.75, 8.25, 2.25, 8.5 ], "rotation": 90, "texture": "#texture" },
        "north": { "uv": [ 6, 0, 6.25, 16 ], "texture": "#texture" },
        "south": { "uv": [ 6, 0, 6.25, 16 ], "texture": "#texture" },
        "west":  { "uv": [ 1.75, 0, 2.25, 16 ], "texture": "#texture" },
        "east":  { "uv": [ 13.75, 0, 14.25, 16 ], "texture": "#texture" }
    }
},
{
    "__comment": "west",
    "from": [ 8.25, 0, 1.75 ],
    "to": [ 8.5, 16, 2.25 ],
    "faces": {
        "down":  { "uv": [ 14.25, 7.75, 13.75, 7.5 ], "rotation": 270, "texture": "#texture" },
        "up":    { "uv": [ 1.75, 7.5, 2.25, 7.75 ], "rotation": 90, "texture": "#texture" },
        "north": { "uv": [ 6, 0, 6.25, 16 ], "texture": "#texture" },
        "south": { "uv": [ 6, 0, 6.25, 16 ], "texture": "#texture" },
        "west":  { "uv": [ 1.75, 0, 2.25, 16 ], "texture": "#texture" },
        "east":  { "uv": [ 13.75, 0, 14.25, 16 ], "texture": "#texture" }
    }
},
{
    "__comment": "west innen",
    "from": [ 7.5, 0, 5.75 ],
    "to": [ 7.75, 16, 6.25 ],
    "faces": {
        "down":  { "uv": [ 10.25, 8.5, 9.75, 8.25 ], "rotation": 270, "texture": "#texture" },
        "up":    { "uv": [ 5.75, 8.25, 6.25, 8.5 ], "rotation": 90, "texture": "#texture" },
        "north": { "uv": [ 6, 0, 6.25, 16 ], "texture": "#texture" },
        "south": { "uv": [ 6, 0, 6.25, 16 ], "texture": "#texture" },
        "west":  { "uv": [ 5.75, 0, 6.25, 16 ], "texture": "#texture" },
        "east":  { "uv": [ 9.75, 0, 10.25, 16 ], "texture": "#texture" }
    }
},
{
    "__comment": "west innen",
    "from": [ 8.25, 0, 5.75 ],
    "to": [ 8.5, 16, 6.25 ],
    "faces": {
        "down":  { "uv": [ 10.25, 7.75, 9.75, 7.5 ], "rotation": 270, "texture": "#texture" },
        "up":    { "uv": [ 5.75, 7.5, 6.25, 7.75 ], "rotation": 90, "texture": "#texture" },
        "north": { "uv": [ 6, 0, 6.25, 16 ], "texture": "#texture" },
        "south": { "uv": [ 6, 0, 6.25, 16 ], "texture": "#texture" },
        "west":  { "uv": [ 5.75, 0, 6.25, 16 ], "texture": "#texture" },
        "east":  { "uv": [ 9.75, 0, 10.25, 16 ], "texture": "#texture" }
    }
},
{
    "__comment": "waagerecht",
    "from": [ 8.0625, 13.75, 7.875 ],
    "to": [ 16.0625, 14.25, 8.125 ],
    "faces": {
        "down":  { "uv": [ 7.875, 6.0625, 0, 5.8125 ], "texture": "#texture" },
        "up":    { "uv": [ 8.125, 5.9375, 16, 6.1875 ], "texture": "#texture" },
        "north": { "uv": [ 0, 1.75, 7.875, 2.25 ], "texture": "#texture" },
        "south": { "uv": [ 8.125, 1.625, 16, 2.125 ], "texture": "#texture" },
        "west":  { "uv": [ 7.9375, 1.75, 8.1875, 2.25 ], "texture": "#texture" },
        "east":  { "uv": [ 7.8125, 1.75, 8.0625, 2.25 ], "texture": "#texture" }
    }
},
{
    "__comment": "waagerecht",
    "from": [ 8.0625, 9.75, 7.875 ],
    "to": [ 16.0625, 10.25, 8.125 ],
    "faces": {
        "down":  { "uv": [ 7.875, 6.0625, 0, 5.8125 ], "texture": "#texture" },
        "up":    { "uv": [ 8.125, 5.8125, 16, 6.0625 ], "texture": "#texture" },
        "north": { "uv": [ 0, 5.75, 7.875, 6.25 ], "texture": "#texture" },
        "south": { "uv": [ 8.125, 5.75, 16, 6.25 ], "texture": "#texture" },
        "west":  { "uv": [ 7.9375, 5.75, 8.1875, 6.25 ], "texture": "#texture" },
        "east":  { "uv": [ 7.8125, 5.75, 8.0625, 6.25 ], "texture": "#texture" }
    }
},
{
    "__comment": "waagerecht",
    "from": [ 8.0625, 5.75, 7.875 ],
    "to": [ 16.0625, 6.25, 8.125 ],
    "faces": {
        "down":  { "uv": [ 7.875, 6.0625, 0, 5.8125 ], "texture": "#texture" },
        "up":    { "uv": [ 8.125, 5.9375, 16, 6.1875 ], "texture": "#texture" },
        "north": { "uv": [ 0, 9.75, 7.875, 10.25 ], "texture": "#texture" },
        "south": { "uv": [ 8.125, 9.75, 16, 10.25 ], "texture": "#texture" },
        "west":  { "uv": [ 7.9375, 9.75, 8.1875, 10.25 ], "texture": "#texture" },
        "east":  { "uv": [ 7.8125, 9.75, 8.0625, 10.25 ], "texture": "#texture" }
    }
},
{
    "__comment": "waagerecht",
    "from": [ 8.0625, 1.75, 7.875 ],
    "to": [ 16.0625, 2.25, 8.125 ],
    "faces": {
        "down":  { "uv": [ 7.875, 6.0625, 0, 5.8125 ], "texture": "#texture" },
        "up":    { "uv": [ 8.125, 5.8125, 16, 6.0625 ], "texture": "#texture" },
        "north": { "uv": [ 0, 13.75, 7.875, 14.25 ], "texture": "#texture" },
        "south": { "uv": [ 8.125, 13.75, 16, 14.25 ], "texture": "#texture" },
        "west":  { "uv": [ 7.9375, 13.75, 8.1875, 14.25 ], "texture": "#texture" },
        "east":  { "uv": [ 7.8125, 13.75, 8.0625, 14.25 ], "texture": "#texture" }
    }
},
{
    "__comment": "ost innen",
    "from": [ 9.5, 0, 7.75 ],
    "to": [ 10.5, 16, 8.25 ],
    "faces": {
        "down":  { "uv": [ 6.5, 8.25, 5.5, 7.75 ], "texture": "#texture" },
        "up":    { "uv": [ 9.5, 7.75, 10.5, 8.25 ], "texture": "#texture" },
        "north": { "uv": [ 5.5, 0, 6.5, 16 ], "texture": "#texture" },
        "south": { "uv": [ 9.5, 0, 10.5, 16 ], "texture": "#texture" },
        "west":  { "uv": [ 5.75, 0, 6.25, 16 ], "texture": "#texture" },
        "east":  { "uv": [ 5.75, 0, 6.25, 16 ], "texture": "#texture" }
    }
},
{
    "__comment": "ost",
    "from": [ 13.5, 0, 7.75 ],
    "to": [ 14.5, 16, 8.25 ],
    "faces": {
        "down":  { "uv": [ 2.5, 8.25, 1.5, 7.75 ], "texture": "#texture" },
        "up":    { "uv": [ 13.5, 7.75, 14.5, 8.25 ], "texture": "#texture" },
        "north": { "uv": [ 1.5, 0, 2.5, 16 ], "texture": "#texture" },
        "south": { "uv": [ 13.5, 0, 14.5, 16 ], "texture": "#texture" },
        "west":  { "uv": [ 5.75, 0, 6.25, 16 ], "texture": "#texture" },
        "east":  { "uv": [ 5.75, 0, 6.25, 16 ], "texture": "#texture" }
    }
},
{
    "__comment": "ost innen",
    "from": [ 9.75, 0, 8.25 ],
    "to": [ 10.25, 16, 8.5 ],
    "faces": {
        "down":  { "uv": [ 6.25, 8.5, 5.75, 8.25 ], "texture": "#texture" },
        "up":    { "uv": [ 9.75, 8.25, 10.25, 8.5 ], "texture": "#texture" },
        "north": { "uv": [ 5.75, 0, 6.25, 16 ], "texture": "#texture" },
        "south": { "uv": [ 9.75, 0, 10.25, 16 ], "texture": "#texture" },
        "west":  { "uv": [ 6, 0, 6.25, 16 ], "texture": "#texture" },
        "east":  { "uv": [ 6, 0, 6.25, 16 ], "texture": "#texture" }
    }
},
{
    "__comment": "ost innen",
    "from": [ 9.75, 0, 7.5 ],
    "to": [ 10.25, 16, 7.75 ],
    "faces": {
        "down":  { "uv": [ 6.25, 7.75, 5.75, 7.5 ], "texture": "#texture" },
        "up":    { "uv": [ 9.75, 7.5, 10.25, 7.75 ], "texture": "#texture" },
        "north": { "uv": [ 5.75, 0, 6.25, 16 ], "texture": "#texture" },
        "south": { "uv": [ 9.75, 0, 10.25, 16 ], "texture": "#texture" },
        "west":  { "uv": [ 6, 0, 6.25, 16 ], "texture": "#texture" },
        "east":  { "uv": [ 6, 0, 6.25, 16 ], "texture": "#texture" }
    }
},
{
    "__comment": "ost",
    "from": [ 13.75, 0, 8.25 ],
    "to": [ 14.25, 16, 8.5 ],
    "faces": {
        "down":  { "uv": [ 2.25, 8.5, 1.75, 8.25 ], "texture": "#texture" },
        "up":    { "uv": [ 13.75, 8.25, 14.25, 8.5 ], "texture": "#texture" },
        "north": { "uv": [ 1.75, 0, 2.25, 16 ], "texture": "#texture" },
        "south": { "uv": [ 13.75, 0, 14.25, 16 ], "texture": "#texture" },
        "west":  { "uv": [ 6, 0, 6.25, 16 ], "texture": "#texture" },
        "east":  { "uv": [ 6, 0, 6.25, 16 ], "texture": "#texture" }
    }
},
{
    "__comment": "ost",
    "from": [ 13.75, 0, 7.5 ],
    "to": [ 14.25, 16, 7.75 ],
    "faces": {
        "down":  { "uv": [ 2.25, 7.75, 1.75, 7.5 ], "texture": "#texture" },
        "up":    { "uv": [ 13.75, 7.5, 14.25, 7.75 ], "texture": "#texture" },
        "north": { "uv": [ 1.75, 0, 2.25, 16 ], "texture": "#texture" },
        "south": { "uv": [ 13.75, 0, 14.25, 16 ], "texture": "#texture" },
        "west":  { "uv": [ 6, 0, 6.25, 16 ], "texture": "#texture" },
        "east":  { "uv": [ 6, 0, 6.25, 16 ], "texture": "#texture" }
    }
}
]
}