{
"__comment": "Designed by Woliongames with BDcraft Cubik PRO 0.87 Beta - http://bdcraft.net",
"textures": {
    "particle": "blocks/iron_bars",
    "texture": "blocks/iron_bars"
},
"elements": [ 
{
    "__comment": "waagerecht",
    "from": [ 7.875, 13.75, 0 ],
    "to": [ 8.125, 14.25, 8.5 ],
    "faces": {
        "down":  { "uv": [ 6.25, 8.5, 6, 0 ], "texture": "#texture" },
        "up":    { "uv": [ 6, 0, 6.25, 8.5 ], "texture": "#texture" },
        "north": { "uv": [ 7.875, 1.75, 8.125, 2.25 ], "texture": "#texture" },
        "south": { "uv": [ 7.875, 1.75, 8.125, 2.25 ], "texture": "#texture" },
        "west":  { "uv": [ 0, 1.75, 8.5, 2.25 ], "texture": "#texture" },
        "east":  { "uv": [ 7.5, 1.75, 16, 2.25 ], "texture": "#texture" }
    }
},
{
    "__comment": "waagerecht",
    "from": [ 7.875, 9.75, 0 ],
    "to": [ 8.125, 10.25, 8.5 ],
    "faces": {
        "down":  { "uv": [ 6.25, 8.5, 6, 0 ], "texture": "#texture" },
        "up":    { "uv": [ 6, 0, 6.25, 8.5 ], "texture": "#texture" },
        "north": { "uv": [ 7.875, 5.75, 8.125, 6.25 ], "texture": "#texture" },
        "south": { "uv": [ 7.875, 5.75, 8.125, 6.25 ], "texture": "#texture" },
        "west":  { "uv": [ 0, 5.75, 8.5, 6.25 ], "texture": "#texture" },
        "east":  { "uv": [ 7.5, 5.75, 16, 6.25 ], "texture": "#texture" }
    }
},
{
    "__comment": "waagerecht",
    "from": [ 7.875, 5.75, 0 ],
    "to": [ 8.125, 6.25, 8.5 ],
    "faces": {
        "down":  { "uv": [ 6.25, 8.5, 6, 0 ], "texture": "#texture" },
        "up":    { "uv": [ 6, 0, 6.25, 8.5 ], "texture": "#texture" },
        "north": { "uv": [ 7.875, 9.75, 8.125, 10.25 ], "texture": "#texture" },
        "south": { "uv": [ 7.875, 9.75, 8.125, 10.25 ], "texture": "#texture" },
        "west":  { "uv": [ 0, 9.75, 8.5, 10.25 ], "texture": "#texture" },
        "east":  { "uv": [ 7.5, 9.75, 16, 10.25 ], "texture": "#texture" }
    }
},
{
    "__comment": "waagerecht",
    "from": [ 7.875, 1.75, 0 ],
    "to": [ 8.125, 2.25, 8.5 ],
    "faces": {
        "down":  { "uv": [ 6, 8.5, 5.75, 0 ], "texture": "#texture" },
        "up":    { "uv": [ 6, 0, 6.25, 8.5 ], "texture": "#texture" },
        "north": { "uv": [ 7.875, 13.75, 8.125, 14.25 ], "texture": "#texture" },
        "south": { "uv": [ 7.875, 13.75, 8.125, 14.25 ], "texture": "#texture" },
        "west":  { "uv": [ 0, 13.75, 8.5, 14.25 ], "texture": "#texture" },
        "east":  { "uv": [ 7.5, 13.75, 16, 14.25 ], "texture": "#texture" }
    }
},
{
    "__comment": "west",
    "from": [ 7.75, 0, 1.5 ],
    "to": [ 8.25, 16, 2.5 ],
    "faces": {
        "down":  { "uv": [ 14.5, 8.25, 13.5, 7.75 ], "rotation": 270, "texture": "#texture" },
        "up":    { "uv": [ 1.5, 7.75, 2.5, 8.25 ], "rotation": 90, "texture": "#texture" },
        "north": { "uv": [ 5.75, 0, 6.25, 16 ], "texture": "#texture" },
        "south": { "uv": [ 5.75, 0, 6.25, 16 ], "texture": "#texture" },
        "west":  { "uv": [ 1.5, 0, 2.5, 16 ], "texture": "#texture" },
        "east":  { "uv": [ 13.5, 0, 14.5, 16 ], "texture": "#texture" }
    }
},
{
    "__comment": "west innen",
    "from": [ 7.75, 0, 5.5 ],
    "to": [ 8.25, 16, 6.5 ],
    "faces": {
        "down":  { "uv": [ 10.5, 8.25, 9.5, 7.75 ], "rotation": 270, "texture": "#texture" },
        "up":    { "uv": [ 5.5, 7.75, 6.5, 8.25 ], "rotation": 90, "texture": "#texture" },
        "north": { "uv": [ 5.75, 0, 6.25, 16 ], "texture": "#texture" },
        "south": { "uv": [ 5.75, 0, 6.25, 16 ], "texture": "#texture" },
        "west":  { "uv": [ 5.5, 0, 6.5, 16 ], "texture": "#texture" },
        "east":  { "uv": [ 9.5, 0, 10.5, 16 ], "texture": "#texture" }
    }
},
{
    "__comment": "west",
    "from": [ 7.5, 0, 1.75 ],
    "to": [ 7.75, 16, 2.25 ],
    "faces": {
        "down":  { "uv": [ 14.25, 8.5, 13.75, 8.25 ], "rotation": 270, "texture": "#texture" },
        "up":    { "uv": [ 1.75, 8.25, 2.25, 8.5 ], "rotation": 90, "texture": "#texture" },
        "north": { "uv": [ 6, 0, 6.25, 16 ], "texture": "#texture" },
        "south": { "uv": [ 6, 0, 6.25, 16 ], "texture": "#texture" },
        "west":  { "uv": [ 1.75, 0, 2.25, 16 ], "texture": "#texture" },
        "east":  { "uv": [ 13.75, 0, 14.25, 16 ], "texture": "#texture" }
    }
},
{
    "__comment": "west",
    "from": [ 8.25, 0, 1.75 ],
    "to": [ 8.5, 16, 2.25 ],
    "faces": {
        "down":  { "uv": [ 14.25, 7.75, 13.75, 7.5 ], "rotation": 270, "texture": "#texture" },
        "up":    { "uv": [ 1.75, 7.5, 2.25, 7.75 ], "rotation": 90, "texture": "#texture" },
        "north": { "uv": [ 6, 0, 6.25, 16 ], "texture": "#texture" },
        "south": { "uv": [ 6, 0, 6.25, 16 ], "texture": "#texture" },
        "west":  { "uv": [ 1.75, 0, 2.25, 16 ], "texture": "#texture" },
        "east":  { "uv": [ 13.75, 0, 14.25, 16 ], "texture": "#texture" }
    }
},
{
    "__comment": "west innen",
    "from": [ 7.5, 0, 5.75 ],
    "to": [ 7.75, 16, 6.25 ],
    "faces": {
        "down":  { "uv": [ 10.25, 8.5, 9.75, 8.25 ], "rotation": 270, "texture": "#texture" },
        "up":    { "uv": [ 5.75, 8.25, 6.25, 8.5 ], "rotation": 90, "texture": "#texture" },
        "north": { "uv": [ 6, 0, 6.25, 16 ], "texture": "#texture" },
        "south": { "uv": [ 6, 0, 6.25, 16 ], "texture": "#texture" },
        "west":  { "uv": [ 5.75, 0, 6.25, 16 ], "texture": "#texture" },
        "east":  { "uv": [ 9.75, 0, 10.25, 16 ], "texture": "#texture" }
    }
},
{
    "__comment": "west innen",
    "from": [ 8.25, 0, 5.75 ],
    "to": [ 8.5, 16, 6.25 ],
    "faces": {
        "down":  { "uv": [ 10.25, 7.75, 9.75, 7.5 ], "rotation": 270, "texture": "#texture" },
        "up":    { "uv": [ 5.75, 7.5, 6.25, 7.75 ], "rotation": 90, "texture": "#texture" },
        "north": { "uv": [ 6, 0, 6.25, 16 ], "texture": "#texture" },
        "south": { "uv": [ 6, 0, 6.25, 16 ], "texture": "#texture" },
        "west":  { "uv": [ 5.75, 0, 6.25, 16 ], "texture": "#texture" },
        "east":  { "uv": [ 9.75, 0, 10.25, 16 ], "texture": "#texture" }
    }
}
]
}