{
"__comment": "Designed by Woliongames with BDcraft Cubik PRO 0.90 Beta - http://bdcraft.net",
"textures": {
    "particle": "blocks/door_acacia_lower",
    "bottom": "blocks/door_acacia_lower"
},
"elements": [ 
{
    "from": [ 0, 0, 0 ],
    "to": [ 1, 16, 16 ],
    "faces": {
        "down":  { "uv": [ 16, 16, 15, 0 ], "texture": "#bottom" },
        "up":    { "uv": [ 0, 0, 1, 16 ], "texture": "#bottom" },
        "north": { "uv": [ 1, 0, 0, 16 ], "texture": "#bottom" },
        "south": { "uv": [ 0, 0, 1, 16 ], "texture": "#bottom" },
        "west":  { "uv": [ 16, 0, 0, 16 ], "texture": "#bottom" },
        "east":  { "uv": [ 0, 0, 16, 16 ], "texture": "#bottom" }
    }
}
]
}