{
"ambientocclusion": false,
"textures": {
    "particle": "#top",
    "bottom": "blocks/door_wood_lower",
    "top": "blocks/door_wood_upper"
},
"elements": [ 
{
    "from": [ 0, 0, 0 ],
    "to": [ 1, 16, 16 ],
    "faces": {
        "up":    { "uv": [ 0, 0, 0.5, 16 ], "texture": "#bottom", "cullface": "up" },
        "north": { "uv": [ 16, 6.5, 15.5, 9.5 ], "texture": "#top", "cullface": "north" },
        "south": { "uv": [ 16, 6.5, 15.5, 9.5 ], "texture": "#top", "cullface": "south" },
        "west":  { "uv": [ 16, 0, 0, 16 ], "texture": "#top", "cullface": "west" },
        "east":  { "uv": [ 0, 0, 16, 16 ], "texture": "#top" }
    }
}
]
}