{
"__comment": "Designed by Woliongames with BDcraft Cubik PRO 0.87 Beta - http://bdcraft.net",
"ambientocclusion": false,
"textures": {
    "particle": "#side",
    "side": "#side",
    "top": "#top",
    "bottom": "#bottom"
},
"elements": [ 
{
    "__comment": "a",
    "from": [ 7.75, 13, 11.5 ],
    "to": [ 12, 14.5, 12 ],
    "faces": {
        "down":  { "uv": [ 8.25, 12, 4, 11.5 ], "texture": "#bottom" },
        "up":    { "uv": [ 7.75, 11.5, 12, 12 ], "texture": "#top" },
        "north": { "uv": [ 4, 1.5, 8.25, 3 ], "texture": "#side" },
        "south": { "uv": [ 7.75, 1.5, 12, 3 ], "texture": "#side" },
        "west":  { "uv": [ 11.5, 1.5, 12, 3 ], "texture": "#side" },
        "east":  { "uv": [ 4, 1.5, 4.5, 3 ], "texture": "#side" }
    }
},
{
    "__comment": "aa",
    "from": [ 0, 14.5, 14 ],
    "to": [ 16, 16, 16 ],
    "faces": {
        "down":  { "uv": [ 16, 16, 0, 14 ], "texture": "#bottom" },
        "up":    { "uv": [ 0, 14, 16, 16 ], "texture": "#top" },
        "north": { "uv": [ 0, 0, 16, 1.5 ], "texture": "#side" },
        "south": { "uv": [ 0, 0, 16, 1.5 ], "texture": "#side" },
        "west":  { "uv": [ 14, 0, 16, 1.5 ], "texture": "#side" },
        "east":  { "uv": [ 0, 0, 2, 1.5 ], "texture": "#side" }
    }
},
{
    "__comment": "a8",
    "from": [ 0, 11.75, 11.75 ],
    "to": [ 16, 13, 16 ],
    "faces": {
        "down":  { "uv": [ 16, 16, 0, 11.75 ], "texture": "#bottom" },
        "up":    { "uv": [ 0, 11.75, 16, 16 ], "texture": "#top" },
        "north": { "uv": [ 0, 3, 16, 4.25 ], "texture": "#side" },
        "south": { "uv": [ 0, 3, 16, 4.25 ], "texture": "#side" },
        "west":  { "uv": [ 11.75, 3, 16, 4.25 ], "texture": "#side" },
        "east":  { "uv": [ 8.881779432440924e-016, 3, 4.25, 4.25 ], "texture": "#side" }
    }
},
{
    "__comment": "a7",
    "from": [ 0, 11, 11.5 ],
    "to": [ 16, 11.75, 16 ],
    "faces": {
        "down":  { "uv": [ 16, 16, 0, 11.5 ], "texture": "#bottom" },
        "up":    { "uv": [ 0, 11.5, 16, 16 ], "texture": "#top" },
        "north": { "uv": [ 0, 4.25, 16, 5 ], "texture": "#side" },
        "south": { "uv": [ 0, 4.25, 16, 5 ], "texture": "#side" },
        "west":  { "uv": [ 11.5, 4.25, 16, 5 ], "texture": "#side" },
        "east":  { "uv": [ 8.881779432440924e-016, 4.25, 4.5, 5 ], "texture": "#side" }
    }
},
{
    "__comment": "a6",
    "from": [ 0, 10.5, 11 ],
    "to": [ 16, 11, 16 ],
    "faces": {
        "down":  { "uv": [ 16, 16, 0, 11 ], "texture": "#bottom" },
        "up":    { "uv": [ 0, 11, 16, 16 ], "texture": "#top" },
        "north": { "uv": [ 0, 5, 16, 5.5 ], "texture": "#side" },
        "south": { "uv": [ 0, 5, 16, 5.5 ], "texture": "#side" },
        "west":  { "uv": [ 11, 5, 16, 5.5 ], "texture": "#side" },
        "east":  { "uv": [ 8.881779432440924e-016, 5, 5, 5.5 ], "texture": "#side" }
    }
},
{
    "__comment": "a",
    "from": [ 0, 8, 0.75 ],
    "to": [ 16, 8.5, 16 ],
    "faces": {
        "down":  { "uv": [ 15, 16, 0, 0 ], "rotation": 270, "texture": "#bottom" },
        "up":    { "uv": [ 1, 0, 16, 16 ], "rotation": 90, "texture": "#top" },
        "north": { "uv": [ 0, 7.5, 16, 8 ], "texture": "#side" },
        "south": { "uv": [ 0, 7.5, 16, 8 ], "texture": "#side" },
        "west":  { "uv": [ 1, 7.5, 16, 8 ], "texture": "#side" },
        "east":  { "uv": [ 0, 7.5, 15, 8 ], "texture": "#side" }
    }
},
{
    "__comment": "a2",
    "from": [ 0, 8.5, 6.25 ],
    "to": [ 16, 9, 16 ],
    "faces": {
        "down":  { "uv": [ 16, 16, 0, 6.25 ], "texture": "#bottom" },
        "up":    { "uv": [ 0, 6.25, 16, 16 ], "texture": "#top" },
        "north": { "uv": [ 0, 7, 16, 7.5 ], "texture": "#side" },
        "south": { "uv": [ 0, 7, 16, 7.5 ], "texture": "#side" },
        "west":  { "uv": [ 6.25, 7, 16, 7.5 ], "texture": "#side" },
        "east":  { "uv": [ 1.7763600157738027e-015, 7, 9.75, 7.5 ], "texture": "#side" }
    }
},
{
    "__comment": "a3",
    "from": [ 0, 9, 8.5 ],
    "to": [ 16, 9.5, 16 ],
    "faces": {
        "down":  { "uv": [ 16, 16, 0, 8.5 ], "texture": "#bottom" },
        "up":    { "uv": [ 0, 8.5, 16, 16 ], "texture": "#top" },
        "north": { "uv": [ 0, 6.5, 16, 7 ], "texture": "#side" },
        "south": { "uv": [ 0, 6.5, 16, 7 ], "texture": "#side" },
        "west":  { "uv": [ 8.5, 6.5, 16, 7 ], "texture": "#side" },
        "east":  { "uv": [ 8.881779432440924e-016, 6.5, 7.5, 7 ], "texture": "#side" }
    }
},
{
    "__comment": "a4",
    "from": [ 0, 9.5, 9.75 ],
    "to": [ 16, 10, 16 ],
    "faces": {
        "down":  { "uv": [ 16, 16, 0, 9.75 ], "texture": "#bottom" },
        "up":    { "uv": [ 0, 9.75, 16, 16 ], "texture": "#top" },
        "north": { "uv": [ 0, 6, 16, 6.5 ], "texture": "#side" },
        "south": { "uv": [ 0, 6, 16, 6.5 ], "texture": "#side" },
        "west":  { "uv": [ 9.75, 6, 16, 6.5 ], "texture": "#side" },
        "east":  { "uv": [ 8.881779432440924e-016, 6, 6.25, 6.5 ], "texture": "#side" }
    }
},
{
    "__comment": "a5",
    "from": [ 0, 10, 10.25 ],
    "to": [ 16, 10.5, 16 ],
    "faces": {
        "down":  { "uv": [ 16, 16, 0, 10.25 ], "texture": "#bottom" },
        "up":    { "uv": [ 0, 10.25, 16, 16 ], "texture": "#top" },
        "north": { "uv": [ 0, 5.5, 16, 6 ], "texture": "#side" },
        "south": { "uv": [ 0, 5.5, 16, 6 ], "texture": "#side" },
        "west":  { "uv": [ 10.25, 5.5, 16, 6 ], "texture": "#side" },
        "east":  { "uv": [ 8.881779432440924e-016, 5.5, 5.75, 6 ], "texture": "#side" }
    }
},
{
    "__comment": "a9",
    "from": [ 0, 13, 12 ],
    "to": [ 16, 14.5, 16 ],
    "faces": {
        "down":  { "uv": [ 4, 16, 0, 0 ], "rotation": 270, "texture": "#bottom" },
        "up":    { "uv": [ 12, 0, 16, 16 ], "rotation": 90, "texture": "#top" },
        "north": { "uv": [ 0, 1.5, 16, 3 ], "texture": "#side" },
        "south": { "uv": [ 0, 1.5, 16, 3 ], "texture": "#side" },
        "west":  { "uv": [ 12, 1.5, 16, 3 ], "texture": "#side" },
        "east":  { "uv": [ 0, 1.5, 4, 3 ], "texture": "#side" }
    }
},
{
    "__comment": "ba",
    "from": [ 14, 14.5, 0 ],
    "to": [ 16, 16, 14 ],
    "faces": {
        "down":  { "uv": [ 2, 14, 0, 0 ], "texture": "#bottom" },
        "up":    { "uv": [ 14, 0, 16, 14 ], "texture": "#top" },
        "north": { "uv": [ 0, 0, 2, 1.5 ], "texture": "#side" },
        "south": { "uv": [ 14, 0, 16, 1.5 ], "texture": "#side" },
        "west":  { "uv": [ 0, 0, 14, 1.5 ], "texture": "#side" },
        "east":  { "uv": [ 2, 0, 16, 1.5 ], "texture": "#side" }
    }
},
{
    "__comment": "b8",
    "from": [ 11.6875, 11.75, 0 ],
    "to": [ 15.9375, 13, 11.75 ],
    "faces": {
        "down":  { "uv": [ 4.25, 11.75, 0, 0 ], "texture": "#bottom" },
        "up":    { "uv": [ 11.75, 0, 16, 11.75 ], "texture": "#top" },
        "north": { "uv": [ 0, 3, 4.25, 4.25 ], "texture": "#side" },
        "south": { "uv": [ 11.75, 3, 16, 4.25 ], "texture": "#side" },
        "west":  { "uv": [ 0, 3, 11.75, 4.25 ], "texture": "#side" },
        "east":  { "uv": [ 4.25, 3, 16, 4.25 ], "texture": "#side" }
    }
},
{
    "__comment": "b7",
    "from": [ 11.4375, 11, 0 ],
    "to": [ 15.9375, 11.75, 11.5 ],
    "faces": {
        "down":  { "uv": [ 4.5, 11.5, 0, 0 ], "texture": "#bottom" },
        "up":    { "uv": [ 11.5, 0, 16, 11.5 ], "texture": "#top" },
        "north": { "uv": [ 0, 4.25, 4.5, 5 ], "texture": "#side" },
        "south": { "uv": [ 11.5, 4.25, 16, 5 ], "texture": "#side" },
        "west":  { "uv": [ 0, 4.25, 11.5, 5 ], "texture": "#side" },
        "east":  { "uv": [ 4.5, 4.25, 16, 5 ], "texture": "#side" }
    }
},
{
    "__comment": "b6",
    "from": [ 10.9375, 10.5, 0 ],
    "to": [ 15.9375, 11, 11 ],
    "faces": {
        "down":  { "uv": [ 5, 11, 0, 0 ], "texture": "#bottom" },
        "up":    { "uv": [ 11, 0, 16, 11 ], "texture": "#top" },
        "north": { "uv": [ 0, 5, 5, 5.5 ], "texture": "#side" },
        "south": { "uv": [ 11, 5, 16, 5.5 ], "texture": "#side" },
        "west":  { "uv": [ 0, 5, 11, 5.5 ], "texture": "#side" },
        "east":  { "uv": [ 5, 5, 16, 5.5 ], "texture": "#side" }
    }
},
{
    "__comment": "b",
    "from": [ 0.75, 8, 0 ],
    "to": [ 16, 8.5, 0.75 ],
    "faces": {
        "down":  { "uv": [ 15.25, 0.75, 0, 0 ], "texture": "#bottom" },
        "up":    { "uv": [ 0.75, 0, 16, 0.75 ], "texture": "#top" },
        "north": { "uv": [ 0, 7.5, 15.25, 8 ], "texture": "#side" },
        "south": { "uv": [ 0.75, 7.5, 16, 8 ], "texture": "#side" },
        "west":  { "uv": [ 0, 7.5, 0.75, 8 ], "texture": "#side" },
        "east":  { "uv": [ 15.25, 7.5, 16, 8 ], "texture": "#side" }
    }
},
{
    "__comment": "b2",
    "from": [ 6.25, 8.5, 0 ],
    "to": [ 16, 9, 6.25 ],
    "faces": {
        "down":  { "uv": [ 9.75, 6.25, 0, 0 ], "texture": "#bottom" },
        "up":    { "uv": [ 6.25, 0, 16, 6.25 ], "texture": "#top" },
        "north": { "uv": [ 0, 7, 9.75, 7.5 ], "texture": "#side" },
        "south": { "uv": [ 6.25, 7, 16, 7.5 ], "texture": "#side" },
        "west":  { "uv": [ 0, 7, 6.25, 7.5 ], "texture": "#side" },
        "east":  { "uv": [ 9.75, 7, 16, 7.5 ], "texture": "#side" }
    }
},
{
    "__comment": "b3",
    "from": [ 8.5, 9, 0 ],
    "to": [ 16, 9.5, 8.5 ],
    "faces": {
        "down":  { "uv": [ 7.5, 8.5, 0, 0 ], "texture": "#bottom" },
        "up":    { "uv": [ 8.5, 0, 16, 8.5 ], "texture": "#top" },
        "north": { "uv": [ 0, 6.5, 7.5, 7 ], "texture": "#side" },
        "south": { "uv": [ 8.5, 6.5, 16, 7 ], "texture": "#side" },
        "west":  { "uv": [ 0, 6.5, 8.5, 7 ], "texture": "#side" },
        "east":  { "uv": [ 7.5, 6.5, 16, 7 ], "texture": "#side" }
    }
},
{
    "__comment": "b4",
    "from": [ 9.75, 9.5, 0 ],
    "to": [ 16, 10, 9.75 ],
    "faces": {
        "down":  { "uv": [ 6.25, 9.75, 0, 0 ], "texture": "#bottom" },
        "up":    { "uv": [ 9.75, 0, 16, 9.75 ], "texture": "#top" },
        "north": { "uv": [ 0, 6, 6.25, 6.5 ], "texture": "#side" },
        "south": { "uv": [ 9.75, 6, 16, 6.5 ], "texture": "#side" },
        "west":  { "uv": [ 0, 6, 9.75, 6.5 ], "texture": "#side" },
        "east":  { "uv": [ 6.25, 6, 16, 6.5 ], "texture": "#side" }
    }
},
{
    "__comment": "b5",
    "from": [ 10.25, 10, 0 ],
    "to": [ 16, 10.5, 10.25 ],
    "faces": {
        "down":  { "uv": [ 5.75, 10.25, 0, 0 ], "texture": "#bottom" },
        "up":    { "uv": [ 10.25, 0, 16, 10.25 ], "texture": "#top" },
        "north": { "uv": [ 0, 5.5, 5.75, 6 ], "texture": "#side" },
        "south": { "uv": [ 10.25, 5.5, 16, 6 ], "texture": "#side" },
        "west":  { "uv": [ 0, 5.5, 10.25, 6 ], "texture": "#side" },
        "east":  { "uv": [ 5.75, 5.5, 16, 6 ], "texture": "#side" }
    }
},
{
    "__comment": "b9",
    "from": [ 11.9375, 13, 0 ],
    "to": [ 15.9375, 14.5, 12 ],
    "faces": {
        "down":  { "uv": [ 16, 4, 4, 0 ], "rotation": 270, "texture": "#bottom" },
        "up":    { "uv": [ 0, 0, 12, 4 ], "rotation": 90, "texture": "#top" },
        "north": { "uv": [ 0, 1.5, 4, 3 ], "texture": "#side" },
        "south": { "uv": [ 12, 1.5, 16, 3 ], "texture": "#side" },
        "west":  { "uv": [ 0, 1.5, 12, 3 ], "texture": "#side" },
        "east":  { "uv": [ 4, 1.5, 16, 3 ], "texture": "#side" }
    }
},
{
    "__comment": "b2*",
    "from": [ 4, 8.5, 5.75 ],
    "to": [ 6.25, 9, 6.25 ],
    "faces": {
        "down":  { "uv": [ 12, 6.25, 9.75, 5.75 ], "texture": "#bottom" },
        "up":    { "uv": [ 4, 5.75, 6.25, 6.25 ], "texture": "#top" },
        "north": { "uv": [ 9.75, 7, 12, 7.5 ], "texture": "#side" },
        "south": { "uv": [ 4, 7, 6.25, 7.5 ], "texture": "#side" },
        "west":  { "uv": [ 5.75, 7, 6.25, 7.5 ], "texture": "#side" },
        "east":  { "uv": [ 9.75, 7, 10.25, 7.5 ], "texture": "#side" }
    }
},
{
    "__comment": "b2*",
    "from": [ 4.75, 8.5, 5.25 ],
    "to": [ 5.75, 9, 5.75 ],
    "faces": {
        "down":  { "uv": [ 11.25, 5.75, 10.25, 5.25 ], "texture": "#bottom" },
        "up":    { "uv": [ 4.75, 5.25, 5.75, 5.75 ], "texture": "#top" },
        "north": { "uv": [ 10.25, 7, 11.25, 7.5 ], "texture": "#side" },
        "south": { "uv": [ 4.75, 7, 5.75, 7.5 ], "texture": "#side" },
        "west":  { "uv": [ 5.25, 7, 5.75, 7.5 ], "texture": "#side" },
        "east":  { "uv": [ 10.25, 7, 10.75, 7.5 ], "texture": "#side" }
    }
},
{
    "__comment": "b2*",
    "from": [ 5.75, 8.5, 4 ],
    "to": [ 6.25, 9, 5.75 ],
    "faces": {
        "down":  { "uv": [ 10.25, 5.75, 9.75, 4 ], "texture": "#bottom" },
        "up":    { "uv": [ 5.75, 4, 6.25, 5.75 ], "texture": "#top" },
        "north": { "uv": [ 9.75, 7, 10.25, 7.5 ], "texture": "#side" },
        "south": { "uv": [ 5.75, 7, 6.25, 7.5 ], "texture": "#side" },
        "west":  { "uv": [ 4, 7, 5.75, 7.5 ], "texture": "#side" },
        "east":  { "uv": [ 10.25, 7, 12, 7.5 ], "texture": "#side" }
    }
},
{
    "__comment": "b2*",
    "from": [ 5.25, 8.5, 4.75 ],
    "to": [ 5.75, 9, 5.25 ],
    "faces": {
        "down":  { "uv": [ 10.75, 5.25, 10.25, 4.75 ], "texture": "#bottom" },
        "up":    { "uv": [ 5.25, 4.75, 5.75, 5.25 ], "texture": "#top" },
        "north": { "uv": [ 10.25, 7, 10.75, 7.5 ], "texture": "#side" },
        "south": { "uv": [ 5.25, 7, 5.75, 7.5 ], "texture": "#side" },
        "west":  { "uv": [ 4.75, 7, 5.25, 7.5 ], "texture": "#side" },
        "east":  { "uv": [ 10.75, 7, 11.25, 7.5 ], "texture": "#side" }
    }
},
{
    "__comment": "a3*",
    "from": [ 3, 9, 8 ],
    "to": [ 8.5, 9.5, 8.5 ],
    "faces": {
        "down":  { "uv": [ 13, 8.5, 7.5, 8 ], "texture": "#bottom" },
        "up":    { "uv": [ 3, 8, 8.5, 8.5 ], "texture": "#top" },
        "north": { "uv": [ 7.5, 6.5, 13, 7 ], "texture": "#side" },
        "south": { "uv": [ 3, 6.5, 8.5, 7 ], "texture": "#side" },
        "west":  { "uv": [ 8, 6.5, 8.5, 7 ], "texture": "#side" },
        "east":  { "uv": [ 7.5, 6.5, 8, 7 ], "texture": "#side" }
    }
},
{
    "__comment": "a3*",
    "from": [ 8, 9, 3.25 ],
    "to": [ 8.5, 9.5, 8 ],
    "faces": {
        "down":  { "uv": [ 8, 8, 7.5, 3.25 ], "texture": "#bottom" },
        "up":    { "uv": [ 8, 3.25, 8.5, 8 ], "texture": "#top" },
        "north": { "uv": [ 7.5, 6.5, 8, 7 ], "texture": "#side" },
        "south": { "uv": [ 8, 6.5, 8.5, 7 ], "texture": "#side" },
        "west":  { "uv": [ 3.25, 6.5, 8, 7 ], "texture": "#side" },
        "east":  { "uv": [ 8, 6.5, 12.75, 7 ], "texture": "#side" }
    }
},
{
    "__comment": "a3*",
    "from": [ 5.25, 9, 7.5 ],
    "to": [ 8, 9.5, 8 ],
    "faces": {
        "down":  { "uv": [ 10.75, 8, 8, 7.5 ], "texture": "#bottom" },
        "up":    { "uv": [ 5.25, 7.5, 8, 8 ], "texture": "#top" },
        "north": { "uv": [ 8, 6.5, 10.75, 7 ], "texture": "#side" },
        "south": { "uv": [ 5.25, 6.5, 8, 7 ], "texture": "#side" },
        "west":  { "uv": [ 7.5, 6.5, 8, 7 ], "texture": "#side" },
        "east":  { "uv": [ 8, 6.5, 8.5, 7 ], "texture": "#side" }
    }
},
{
    "__comment": "a3*",
    "from": [ 7.5, 9, 5.5 ],
    "to": [ 8, 9.5, 7.5 ],
    "faces": {
        "down":  { "uv": [ 8.5, 7.5, 8, 5.5 ], "texture": "#bottom" },
        "up":    { "uv": [ 7.5, 5.5, 8, 7.5 ], "texture": "#top" },
        "north": { "uv": [ 8, 6.5, 8.5, 7 ], "texture": "#side" },
        "south": { "uv": [ 7.5, 6.5, 8, 7 ], "texture": "#side" },
        "west":  { "uv": [ 5.5, 6.5, 7.5, 7 ], "texture": "#side" },
        "east":  { "uv": [ 8.5, 6.5, 10.5, 7 ], "texture": "#side" }
    }
},
{
    "__comment": "a3*",
    "from": [ 6.75, 9, 6.75 ],
    "to": [ 7.5, 9.5, 7.5 ],
    "faces": {
        "down":  { "uv": [ 9.25, 7.5, 8.5, 6.75 ], "texture": "#bottom" },
        "up":    { "uv": [ 6.75, 6.75, 7.5, 7.5 ], "texture": "#top" },
        "north": { "uv": [ 8.5, 6.5, 9.25, 7 ], "texture": "#side" },
        "south": { "uv": [ 6.75, 6.5, 7.5, 7 ], "texture": "#side" },
        "west":  { "uv": [ 6.75, 6.5, 7.5, 7 ], "texture": "#side" },
        "east":  { "uv": [ 8.5, 6.5, 9.25, 7 ], "texture": "#side" }
    }
},
{
    "__comment": "a4*",
    "from": [ 3, 9.5, 9.25 ],
    "to": [ 9.75, 10, 9.75 ],
    "faces": {
        "down":  { "uv": [ 13, 9.75, 6.25, 9.25 ], "texture": "#bottom" },
        "up":    { "uv": [ 3, 9.25, 9.75, 9.75 ], "texture": "#top" },
        "north": { "uv": [ 6.25, 6, 13, 6.5 ], "texture": "#side" },
        "south": { "uv": [ 3, 6, 9.75, 6.5 ], "texture": "#side" },
        "west":  { "uv": [ 9.25, 6, 9.75, 6.5 ], "texture": "#side" },
        "east":  { "uv": [ 6.25, 6, 6.75, 6.5 ], "texture": "#side" }
    }
},
{
    "__comment": "a4*",
    "from": [ 9.25, 9.5, 3 ],
    "to": [ 9.75, 10, 9.25 ],
    "faces": {
        "down":  { "uv": [ 6.75, 9.25, 6.25, 3 ], "texture": "#bottom" },
        "up":    { "uv": [ 9.25, 3, 9.75, 9.25 ], "texture": "#top" },
        "north": { "uv": [ 6.25, 6, 6.75, 6.5 ], "texture": "#side" },
        "south": { "uv": [ 9.25, 6, 9.75, 6.5 ], "texture": "#side" },
        "west":  { "uv": [ 3, 6, 9.25, 6.5 ], "texture": "#side" },
        "east":  { "uv": [ 6.75, 6, 13, 6.5 ], "texture": "#side" }
    }
},
{
    "__comment": "a4*",
    "from": [ 5, 9.5, 8.75 ],
    "to": [ 9.25, 10, 9.25 ],
    "faces": {
        "down":  { "uv": [ 11, 9.25, 6.75, 8.75 ], "texture": "#bottom" },
        "up":    { "uv": [ 5, 8.75, 9.25, 9.25 ], "texture": "#top" },
        "north": { "uv": [ 6.75, 6, 11, 6.5 ], "texture": "#side" },
        "south": { "uv": [ 5, 6, 9.25, 6.5 ], "texture": "#side" },
        "west":  { "uv": [ 8.75, 6, 9.25, 6.5 ], "texture": "#side" },
        "east":  { "uv": [ 6.75, 6, 7.25, 6.5 ], "texture": "#side" }
    }
},
{
    "__comment": "a4*",
    "from": [ 8.75, 9.5, 5 ],
    "to": [ 9.25, 10, 8.75 ],
    "faces": {
        "down":  { "uv": [ 7.25, 8.75, 6.75, 5 ], "texture": "#bottom" },
        "up":    { "uv": [ 8.75, 5, 9.25, 8.75 ], "texture": "#top" },
        "north": { "uv": [ 6.75, 6, 7.25, 6.5 ], "texture": "#side" },
        "south": { "uv": [ 8.75, 6, 9.25, 6.5 ], "texture": "#side" },
        "west":  { "uv": [ 5, 6, 8.75, 6.5 ], "texture": "#side" },
        "east":  { "uv": [ 7.25, 6, 11, 6.5 ], "texture": "#side" }
    }
},
{
    "__comment": "a4*",
    "from": [ 7, 9.5, 8.25 ],
    "to": [ 8.75, 10, 8.75 ],
    "faces": {
        "down":  { "uv": [ 9, 8.75, 7.25, 8.25 ], "texture": "#bottom" },
        "up":    { "uv": [ 7, 8.25, 8.75, 8.75 ], "texture": "#top" },
        "north": { "uv": [ 7.25, 6, 9, 6.5 ], "texture": "#side" },
        "south": { "uv": [ 7, 6, 8.75, 6.5 ], "texture": "#side" },
        "west":  { "uv": [ 8.25, 6, 8.75, 6.5 ], "texture": "#side" },
        "east":  { "uv": [ 7.25, 6, 7.75, 6.5 ], "texture": "#side" }
    }
},
{
    "__comment": "a4*",
    "from": [ 8.25, 9.5, 7 ],
    "to": [ 8.75, 10, 8.25 ],
    "faces": {
        "down":  { "uv": [ 7.75, 8.25, 7.25, 7 ], "texture": "#bottom" },
        "up":    { "uv": [ 8.25, 7, 8.75, 8.25 ], "texture": "#top" },
        "north": { "uv": [ 7.25, 6, 7.75, 6.5 ], "texture": "#side" },
        "south": { "uv": [ 8.25, 6, 8.75, 6.5 ], "texture": "#side" },
        "west":  { "uv": [ 7, 6, 8.25, 6.5 ], "texture": "#side" },
        "east":  { "uv": [ 7.75, 6, 9, 6.5 ], "texture": "#side" }
    }
},
{
    "__comment": "a5*",
    "from": [ 4, 10, 9.75 ],
    "to": [ 10.25, 10.5, 10.25 ],
    "faces": {
        "down":  { "uv": [ 12, 10.25, 5.75, 9.75 ], "texture": "#bottom" },
        "up":    { "uv": [ 4, 9.75, 10.25, 10.25 ], "texture": "#top" },
        "north": { "uv": [ 5.75, 5.5, 12, 6 ], "texture": "#side" },
        "south": { "uv": [ 4, 5.5, 10.25, 6 ], "texture": "#side" },
        "west":  { "uv": [ 9.75, 5.5, 10.25, 6 ], "texture": "#side" },
        "east":  { "uv": [ 5.75, 5.5, 6.25, 6 ], "texture": "#side" }
    }
},
{
    "__comment": "a5*",
    "from": [ 9.75, 10, 4 ],
    "to": [ 10.25, 10.5, 9.75 ],
    "faces": {
        "down":  { "uv": [ 6.25, 9.75, 5.75, 4 ], "texture": "#bottom" },
        "up":    { "uv": [ 9.75, 4, 10.25, 9.75 ], "texture": "#top" },
        "north": { "uv": [ 5.75, 5.5, 6.25, 6 ], "texture": "#side" },
        "south": { "uv": [ 9.75, 5.5, 10.25, 6 ], "texture": "#side" },
        "west":  { "uv": [ 4, 5.5, 9.75, 6 ], "texture": "#side" },
        "east":  { "uv": [ 6.25, 5.5, 12, 6 ], "texture": "#side" }
    }
},
{
    "__comment": "a5*",
    "from": [ 6, 10, 9.25 ],
    "to": [ 9.75, 10.5, 9.75 ],
    "faces": {
        "down":  { "uv": [ 10, 9.75, 6.25, 9.25 ], "texture": "#bottom" },
        "up":    { "uv": [ 6, 9.25, 9.75, 9.75 ], "texture": "#top" },
        "north": { "uv": [ 6.25, 5.5, 10, 6 ], "texture": "#side" },
        "south": { "uv": [ 6, 5.5, 9.75, 6 ], "texture": "#side" },
        "west":  { "uv": [ 9.25, 5.5, 9.75, 6 ], "texture": "#side" },
        "east":  { "uv": [ 6.25, 5.5, 6.75, 6 ], "texture": "#side" }
    }
},
{
    "__comment": "a5*",
    "from": [ 9.25, 10, 6 ],
    "to": [ 9.75, 10.5, 9.25 ],
    "faces": {
        "down":  { "uv": [ 6.75, 9.25, 6.25, 6 ], "texture": "#bottom" },
        "up":    { "uv": [ 9.25, 6, 9.75, 9.25 ], "texture": "#top" },
        "north": { "uv": [ 6.25, 5.5, 6.75, 6 ], "texture": "#side" },
        "south": { "uv": [ 9.25, 5.5, 9.75, 6 ], "texture": "#side" },
        "west":  { "uv": [ 6, 5.5, 9.25, 6 ], "texture": "#side" },
        "east":  { "uv": [ 6.75, 5.5, 10, 6 ], "texture": "#side" }
    }
},
{
    "__comment": "a5*",
    "from": [ 7.5, 10, 8.75 ],
    "to": [ 9.25, 10.5, 9.25 ],
    "faces": {
        "down":  { "uv": [ 8.5, 9.25, 6.75, 8.75 ], "texture": "#bottom" },
        "up":    { "uv": [ 7.5, 8.75, 9.25, 9.25 ], "texture": "#top" },
        "north": { "uv": [ 6.75, 5.5, 8.5, 6 ], "texture": "#side" },
        "south": { "uv": [ 7.5, 5.5, 9.25, 6 ], "texture": "#side" },
        "west":  { "uv": [ 8.75, 5.5, 9.25, 6 ], "texture": "#side" },
        "east":  { "uv": [ 6.75, 5.5, 7.25, 6 ], "texture": "#side" }
    }
},
{
    "__comment": "a5*",
    "from": [ 8.75, 10, 7.5 ],
    "to": [ 9.25, 10.5, 8.75 ],
    "faces": {
        "down":  { "uv": [ 7.25, 8.75, 6.75, 7.5 ], "texture": "#bottom" },
        "up":    { "uv": [ 8.75, 7.5, 9.25, 8.75 ], "texture": "#top" },
        "north": { "uv": [ 6.75, 5.5, 7.25, 6 ], "texture": "#side" },
        "south": { "uv": [ 8.75, 5.5, 9.25, 6 ], "texture": "#side" },
        "west":  { "uv": [ 7.5, 5.5, 8.75, 6 ], "texture": "#side" },
        "east":  { "uv": [ 7.25, 5.5, 8.5, 6 ], "texture": "#side" }
    }
},
{
    "__comment": "a6*",
    "from": [ 5.25, 10.5, 10.5 ],
    "to": [ 11, 11, 11 ],
    "faces": {
        "down":  { "uv": [ 10.75, 11, 5, 10.5 ], "texture": "#bottom" },
        "up":    { "uv": [ 5.25, 10.5, 11, 11 ], "texture": "#top" },
        "north": { "uv": [ 5, 5, 10.75, 5.5 ], "texture": "#side" },
        "south": { "uv": [ 5.25, 5, 11, 5.5 ], "texture": "#side" },
        "west":  { "uv": [ 10.5, 5, 11, 5.5 ], "texture": "#side" },
        "east":  { "uv": [ 5, 5, 5.5, 5.5 ], "texture": "#side" }
    }
},
{
    "__comment": "a6*",
    "from": [ 10.5, 10.5, 5 ],
    "to": [ 11, 11, 10.5 ],
    "faces": {
        "down":  { "uv": [ 5.5, 10.5, 5, 5 ], "texture": "#bottom" },
        "up":    { "uv": [ 10.5, 5, 11, 10.5 ], "texture": "#top" },
        "north": { "uv": [ 5, 5, 5.5, 5.5 ], "texture": "#side" },
        "south": { "uv": [ 10.5, 5, 11, 5.5 ], "texture": "#side" },
        "west":  { "uv": [ 5, 5, 10.5, 5.5 ], "texture": "#side" },
        "east":  { "uv": [ 5.5, 5, 11, 5.5 ], "texture": "#side" }
    }
},
{
    "__comment": "a6*",
    "from": [ 6.5, 10.5, 10 ],
    "to": [ 10.5, 11, 10.5 ],
    "faces": {
        "down":  { "uv": [ 9.5, 10.5, 5.5, 10 ], "texture": "#bottom" },
        "up":    { "uv": [ 6.5, 10, 10.5, 10.5 ], "texture": "#top" },
        "north": { "uv": [ 5.5, 5, 9.5, 5.5 ], "texture": "#side" },
        "south": { "uv": [ 6.5, 5, 10.5, 5.5 ], "texture": "#side" },
        "west":  { "uv": [ 10, 5, 10.5, 5.5 ], "texture": "#side" },
        "east":  { "uv": [ 5.5, 5, 6, 5.5 ], "texture": "#side" }
    }
},
{
    "__comment": "a6*",
    "from": [ 10, 10.5, 6.5 ],
    "to": [ 10.5, 11, 10 ],
    "faces": {
        "down":  { "uv": [ 6, 10, 5.5, 6.5 ], "texture": "#bottom" },
        "up":    { "uv": [ 10, 6.5, 10.5, 10 ], "texture": "#top" },
        "north": { "uv": [ 5.5, 5, 6, 5.5 ], "texture": "#side" },
        "south": { "uv": [ 10, 5, 10.5, 5.5 ], "texture": "#side" },
        "west":  { "uv": [ 6.5, 5, 10, 5.5 ], "texture": "#side" },
        "east":  { "uv": [ 6, 5, 9.5, 5.5 ], "texture": "#side" }
    }
},
{
    "__comment": "a6*",
    "from": [ 8, 10.5, 9.5 ],
    "to": [ 10, 11, 10 ],
    "faces": {
        "down":  { "uv": [ 8, 10, 6, 9.5 ], "texture": "#bottom" },
        "up":    { "uv": [ 8, 9.5, 10, 10 ], "texture": "#top" },
        "north": { "uv": [ 6, 5, 8, 5.5 ], "texture": "#side" },
        "south": { "uv": [ 8, 5, 10, 5.5 ], "texture": "#side" },
        "west":  { "uv": [ 9.5, 5, 10, 5.5 ], "texture": "#side" },
        "east":  { "uv": [ 6, 5, 6.5, 5.5 ], "texture": "#side" }
    }
},
{
    "__comment": "a6*",
    "from": [ 9.5, 10.5, 8 ],
    "to": [ 10, 11, 9.5 ],
    "faces": {
        "down":  { "uv": [ 6.5, 9.5, 6, 8 ], "texture": "#bottom" },
        "up":    { "uv": [ 9.5, 8, 10, 9.5 ], "texture": "#top" },
        "north": { "uv": [ 6, 5, 6.5, 5.5 ], "texture": "#side" },
        "south": { "uv": [ 9.5, 5, 10, 5.5 ], "texture": "#side" },
        "west":  { "uv": [ 8, 5, 9.5, 5.5 ], "texture": "#side" },
        "east":  { "uv": [ 6.5, 5, 8, 5.5 ], "texture": "#side" }
    }
},
{
    "__comment": "a7*",
    "from": [ 6.5, 11, 11 ],
    "to": [ 11.5, 11.75, 11.5 ],
    "faces": {
        "down":  { "uv": [ 9.5, 11.5, 4.5, 11 ], "texture": "#bottom" },
        "up":    { "uv": [ 6.5, 11, 11.5, 11.5 ], "texture": "#top" },
        "north": { "uv": [ 4.5, 4.25, 9.5, 5 ], "texture": "#side" },
        "south": { "uv": [ 6.5, 4.25, 11.5, 5 ], "texture": "#side" },
        "west":  { "uv": [ 11, 4.25, 11.5, 5 ], "texture": "#side" },
        "east":  { "uv": [ 4.5, 4.25, 5, 5 ], "texture": "#side" }
    }
},
{
    "__comment": "a7*",
    "from": [ 11, 11, 6.5 ],
    "to": [ 11.5, 11.75, 11 ],
    "faces": {
        "down":  { "uv": [ 5, 11, 4.5, 6.5 ], "texture": "#bottom" },
        "up":    { "uv": [ 11, 6.5, 11.5, 11 ], "texture": "#top" },
        "north": { "uv": [ 4.5, 4.25, 5, 5 ], "texture": "#side" },
        "south": { "uv": [ 11, 4.25, 11.5, 5 ], "texture": "#side" },
        "west":  { "uv": [ 6.5, 4.25, 11, 5 ], "texture": "#side" },
        "east":  { "uv": [ 5, 4.25, 9.5, 5 ], "texture": "#side" }
    }
},
{
    "__comment": "a7*",
    "from": [ 7.5, 11, 10.5 ],
    "to": [ 11, 11.75, 11 ],
    "faces": {
        "down":  { "uv": [ 8.5, 11, 5, 10.5 ], "texture": "#bottom" },
        "up":    { "uv": [ 7.5, 10.5, 11, 11 ], "texture": "#top" },
        "north": { "uv": [ 5, 4.25, 8.5, 5 ], "texture": "#side" },
        "south": { "uv": [ 7.5, 4.25, 11, 5 ], "texture": "#side" },
        "west":  { "uv": [ 10.5, 4.25, 11, 5 ], "texture": "#side" },
        "east":  { "uv": [ 5, 4.25, 5.5, 5 ], "texture": "#side" }
    }
},
{
    "__comment": "a7*",
    "from": [ 10.5, 11, 7.5 ],
    "to": [ 11, 11.75, 10.5 ],
    "faces": {
        "down":  { "uv": [ 5.5, 10.5, 5, 7.5 ], "texture": "#bottom" },
        "up":    { "uv": [ 10.5, 7.5, 11, 10.5 ], "texture": "#top" },
        "north": { "uv": [ 5, 4.25, 5.5, 5 ], "texture": "#side" },
        "south": { "uv": [ 10.5, 4.25, 11, 5 ], "texture": "#side" },
        "west":  { "uv": [ 7.5, 4.25, 10.5, 5 ], "texture": "#side" },
        "east":  { "uv": [ 5.5, 4.25, 8.5, 5 ], "texture": "#side" }
    }
},
{
    "__comment": "a7*",
    "from": [ 9, 11, 10 ],
    "to": [ 10.5, 11.75, 10.5 ],
    "faces": {
        "down":  { "uv": [ 7, 10.5, 5.5, 10 ], "texture": "#bottom" },
        "up":    { "uv": [ 9, 10, 10.5, 10.5 ], "texture": "#top" },
        "north": { "uv": [ 5.5, 4.25, 7, 5 ], "texture": "#side" },
        "south": { "uv": [ 9, 4.25, 10.5, 5 ], "texture": "#side" },
        "west":  { "uv": [ 10, 4.25, 10.5, 5 ], "texture": "#side" },
        "east":  { "uv": [ 5.5, 4.25, 6, 5 ], "texture": "#side" }
    }
},
{
    "__comment": "a7*",
    "from": [ 10, 11, 9 ],
    "to": [ 10.5, 11.75, 10 ],
    "faces": {
        "down":  { "uv": [ 6, 10, 5.5, 9 ], "texture": "#bottom" },
        "up":    { "uv": [ 10, 9, 10.5, 10 ], "texture": "#top" },
        "north": { "uv": [ 5.5, 4.25, 6, 5 ], "texture": "#side" },
        "south": { "uv": [ 10, 4.25, 10.5, 5 ], "texture": "#side" },
        "west":  { "uv": [ 9, 4.25, 10, 5 ], "texture": "#side" },
        "east":  { "uv": [ 6, 4.25, 7, 5 ], "texture": "#side" }
    }
},
{
    "__comment": "a8*",
    "from": [ 7.25, 11.75, 11.25 ],
    "to": [ 11.75, 13, 11.75 ],
    "faces": {
        "down":  { "uv": [ 8.75, 11.75, 4.25, 11.25 ], "texture": "#bottom" },
        "up":    { "uv": [ 7.25, 11.25, 11.75, 11.75 ], "texture": "#top" },
        "north": { "uv": [ 4.25, 3, 8.75, 4.25 ], "texture": "#side" },
        "south": { "uv": [ 7.25, 3, 11.75, 4.25 ], "texture": "#side" },
        "west":  { "uv": [ 11.25, 3, 11.75, 4.25 ], "texture": "#side" },
        "east":  { "uv": [ 4.25, 3, 4.75, 4.25 ], "texture": "#side" }
    }
},
{
    "__comment": "a8*",
    "from": [ 11.25, 11.75, 7.25 ],
    "to": [ 11.75, 13, 11.25 ],
    "faces": {
        "down":  { "uv": [ 4.75, 11.25, 4.25, 7.25 ], "texture": "#bottom" },
        "up":    { "uv": [ 11.25, 7.25, 11.75, 11.25 ], "texture": "#top" },
        "north": { "uv": [ 4.25, 3, 4.75, 4.25 ], "texture": "#side" },
        "south": { "uv": [ 11.25, 3, 11.75, 4.25 ], "texture": "#side" },
        "west":  { "uv": [ 7.25, 3, 11.25, 4.25 ], "texture": "#side" },
        "east":  { "uv": [ 4.75, 3, 8.75, 4.25 ], "texture": "#side" }
    }
},
{
    "__comment": "a8*",
    "from": [ 8.25, 11.75, 10.75 ],
    "to": [ 11.25, 13, 11.25 ],
    "faces": {
        "down":  { "uv": [ 7.75, 11.25, 4.75, 10.75 ], "texture": "#bottom" },
        "up":    { "uv": [ 8.25, 10.75, 11.25, 11.25 ], "texture": "#top" },
        "north": { "uv": [ 4.75, 3, 7.75, 4.25 ], "texture": "#side" },
        "south": { "uv": [ 8.25, 3, 11.25, 4.25 ], "texture": "#side" },
        "west":  { "uv": [ 10.75, 3, 11.25, 4.25 ], "texture": "#side" },
        "east":  { "uv": [ 4.75, 3, 5.25, 4.25 ], "texture": "#side" }
    }
},
{
    "__comment": "a8*",
    "from": [ 10.75, 11.75, 8.25 ],
    "to": [ 11.25, 13, 10.75 ],
    "faces": {
        "down":  { "uv": [ 5.25, 10.75, 4.75, 8.25 ], "texture": "#bottom" },
        "up":    { "uv": [ 10.75, 8.25, 11.25, 10.75 ], "texture": "#top" },
        "north": { "uv": [ 4.75, 3, 5.25, 4.25 ], "texture": "#side" },
        "south": { "uv": [ 10.75, 3, 11.25, 4.25 ], "texture": "#side" },
        "west":  { "uv": [ 8.25, 3, 10.75, 4.25 ], "texture": "#side" },
        "east":  { "uv": [ 5.25, 3, 7.75, 4.25 ], "texture": "#side" }
    }
},
{
    "__comment": "a8*",
    "from": [ 9.5, 11.75, 10.25 ],
    "to": [ 10.75, 13, 10.75 ],
    "faces": {
        "down":  { "uv": [ 6.5, 10.75, 5.25, 10.25 ], "texture": "#bottom" },
        "up":    { "uv": [ 9.5, 10.25, 10.75, 10.75 ], "texture": "#top" },
        "north": { "uv": [ 5.25, 3, 6.5, 4.25 ], "texture": "#side" },
        "south": { "uv": [ 9.5, 3, 10.75, 4.25 ], "texture": "#side" },
        "west":  { "uv": [ 10.25, 3, 10.75, 4.25 ], "texture": "#side" },
        "east":  { "uv": [ 5.25, 3, 5.75, 4.25 ], "texture": "#side" }
    }
},
{
    "__comment": "a8*",
    "from": [ 10.25, 11.75, 9.5 ],
    "to": [ 10.75, 13, 10.25 ],
    "faces": {
        "down":  { "uv": [ 5.75, 10.25, 5.25, 9.5 ], "texture": "#bottom" },
        "up":    { "uv": [ 10.25, 9.5, 10.75, 10.25 ], "texture": "#top" },
        "north": { "uv": [ 5.25, 3, 5.75, 4.25 ], "texture": "#side" },
        "south": { "uv": [ 10.25, 3, 10.75, 4.25 ], "texture": "#side" },
        "west":  { "uv": [ 9.5, 3, 10.25, 4.25 ], "texture": "#side" },
        "east":  { "uv": [ 5.75, 3, 6.5, 4.25 ], "texture": "#side" }
    }
},
{
    "__comment": "a",
    "from": [ 11.5, 13, 8 ],
    "to": [ 12, 14.5, 11.5 ],
    "faces": {
        "down":  { "uv": [ 4.5, 11.5, 4, 8 ], "texture": "#bottom" },
        "up":    { "uv": [ 11.5, 8, 12, 11.5 ], "texture": "#top" },
        "north": { "uv": [ 4, 1.5, 4.5, 3 ], "texture": "#side" },
        "south": { "uv": [ 11.5, 1.5, 12, 3 ], "texture": "#side" },
        "west":  { "uv": [ 8, 1.5, 11.5, 3 ], "texture": "#side" },
        "east":  { "uv": [ 4.5, 1.5, 8, 3 ], "texture": "#side" }
    }
},
{
    "__comment": "a",
    "from": [ 9, 13, 11 ],
    "to": [ 11.5, 14.5, 11.5 ],
    "faces": {
        "down":  { "uv": [ 7, 11.5, 4.5, 11 ], "texture": "#bottom" },
        "up":    { "uv": [ 9, 11, 11.5, 11.5 ], "texture": "#top" },
        "north": { "uv": [ 4.5, 1.5, 7, 3 ], "texture": "#side" },
        "south": { "uv": [ 9, 1.5, 11.5, 3 ], "texture": "#side" },
        "west":  { "uv": [ 11, 1.5, 11.5, 3 ], "texture": "#side" },
        "east":  { "uv": [ 4.5, 1.5, 5, 3 ], "texture": "#side" }
    }
},
{
    "__comment": "a",
    "from": [ 11, 13, 9 ],
    "to": [ 11.5, 14.5, 11 ],
    "faces": {
        "down":  { "uv": [ 5, 11, 4.5, 9 ], "texture": "#bottom" },
        "up":    { "uv": [ 11, 9, 11.5, 11 ], "texture": "#top" },
        "north": { "uv": [ 4.5, 1.5, 5, 3 ], "texture": "#side" },
        "south": { "uv": [ 11, 1.5, 11.5, 3 ], "texture": "#side" },
        "west":  { "uv": [ 9, 1.5, 11, 3 ], "texture": "#side" },
        "east":  { "uv": [ 5, 1.5, 7, 3 ], "texture": "#side" }
    }
},
{
    "__comment": "a",
    "from": [ 10, 13, 10.5 ],
    "to": [ 11, 14.5, 11 ],
    "faces": {
        "down":  { "uv": [ 6, 11, 5, 10.5 ], "texture": "#bottom" },
        "up":    { "uv": [ 10, 10.5, 11, 11 ], "texture": "#top" },
        "north": { "uv": [ 5, 1.5, 6, 3 ], "texture": "#side" },
        "south": { "uv": [ 10, 1.5, 11, 3 ], "texture": "#side" },
        "west":  { "uv": [ 10.5, 1.5, 11, 3 ], "texture": "#side" },
        "east":  { "uv": [ 5, 1.5, 5.5, 3 ], "texture": "#side" }
    }
},
{
    "__comment": "a",
    "from": [ 10.5, 13, 10 ],
    "to": [ 11, 14.5, 10.5 ],
    "faces": {
        "down":  { "uv": [ 5.5, 10.5, 5, 10 ], "texture": "#bottom" },
        "up":    { "uv": [ 10.5, 10, 11, 10.5 ], "texture": "#top" },
        "north": { "uv": [ 5, 1.5, 5.5, 3 ], "texture": "#side" },
        "south": { "uv": [ 10.5, 1.5, 11, 3 ], "texture": "#side" },
        "west":  { "uv": [ 10, 1.5, 10.5, 3 ], "texture": "#side" },
        "east":  { "uv": [ 5.5, 1.5, 6, 3 ], "texture": "#side" }
    }
},
{
    "__comment": "aa*",
    "from": [ 9.5, 14.5, 13.5 ],
    "to": [ 14, 16, 14 ],
    "faces": {
        "down":  { "uv": [ 6.5, 14, 2, 13.5 ], "texture": "#bottom" },
        "up":    { "uv": [ 9.5, 13.5, 14, 14 ], "texture": "#top" },
        "north": { "uv": [ 2, 0, 6.5, 1.5 ], "texture": "#side" },
        "south": { "uv": [ 9.5, 0, 14, 1.5 ], "texture": "#side" },
        "west":  { "uv": [ 13.5, 0, 14, 1.5 ], "texture": "#side" },
        "east":  { "uv": [ 2, 0, 2.5, 1.5 ], "texture": "#side" }
    }
},
{
    "__comment": "aa*",
    "from": [ 13.5, 14.5, 9.75 ],
    "to": [ 14, 16, 13.5 ],
    "faces": {
        "down":  { "uv": [ 2.5, 13.5, 2, 9.75 ], "texture": "#bottom" },
        "up":    { "uv": [ 13.5, 9.75, 14, 13.5 ], "texture": "#top" },
        "north": { "uv": [ 2, 0, 2.5, 1.5 ], "texture": "#side" },
        "south": { "uv": [ 13.5, 0, 14, 1.5 ], "texture": "#side" },
        "west":  { "uv": [ 9.75, 0, 13.5, 1.5 ], "texture": "#side" },
        "east":  { "uv": [ 2.5, 0, 6.25, 1.5 ], "texture": "#side" }
    }
},
{
    "__comment": "aa*",
    "from": [ 11, 14.5, 13 ],
    "to": [ 13.5, 16, 13.5 ],
    "faces": {
        "down":  { "uv": [ 5, 13.5, 2.5, 13 ], "texture": "#bottom" },
        "up":    { "uv": [ 11, 13, 13.5, 13.5 ], "texture": "#top" },
        "north": { "uv": [ 2.5, 0, 5, 1.5 ], "texture": "#side" },
        "south": { "uv": [ 11, 0, 13.5, 1.5 ], "texture": "#side" },
        "west":  { "uv": [ 13, 0, 13.5, 1.5 ], "texture": "#side" },
        "east":  { "uv": [ 2.5, 0, 3, 1.5 ], "texture": "#side" }
    }
},
{
    "__comment": "aa*",
    "from": [ 13, 14.5, 11 ],
    "to": [ 13.5, 16, 13 ],
    "faces": {
        "down":  { "uv": [ 3, 13, 2.5, 11 ], "texture": "#bottom" },
        "up":    { "uv": [ 13, 11, 13.5, 13 ], "texture": "#top" },
        "north": { "uv": [ 2.5, 0, 3, 1.5 ], "texture": "#side" },
        "south": { "uv": [ 13, 0, 13.5, 1.5 ], "texture": "#side" },
        "west":  { "uv": [ 11, 0, 13, 1.5 ], "texture": "#side" },
        "east":  { "uv": [ 3, 0, 5, 1.5 ], "texture": "#side" }
    }
},
{
    "__comment": "aa*",
    "from": [ 12, 14.5, 12.5 ],
    "to": [ 13, 16, 13 ],
    "faces": {
        "down":  { "uv": [ 4, 13, 3, 12.5 ], "texture": "#bottom" },
        "up":    { "uv": [ 12, 12.5, 13, 13 ], "texture": "#top" },
        "north": { "uv": [ 3, 0, 4, 1.5 ], "texture": "#side" },
        "south": { "uv": [ 12, 0, 13, 1.5 ], "texture": "#side" },
        "west":  { "uv": [ 12.5, 0, 13, 1.5 ], "texture": "#side" },
        "east":  { "uv": [ 3, 0, 3.5, 1.5 ], "texture": "#side" }
    }
},
{
    "__comment": "aa*",
    "from": [ 12.5, 14.5, 12 ],
    "to": [ 13, 16, 12.5 ],
    "faces": {
        "down":  { "uv": [ 3.5, 12.5, 3, 12 ], "texture": "#bottom" },
        "up":    { "uv": [ 12.5, 12, 13, 12.5 ], "texture": "#top" },
        "north": { "uv": [ 3, 0, 3.5, 1.5 ], "texture": "#side" },
        "south": { "uv": [ 12.5, 0, 13, 1.5 ], "texture": "#side" },
        "west":  { "uv": [ 12, 0, 12.5, 1.5 ], "texture": "#side" },
        "east":  { "uv": [ 3.5, 0, 4, 1.5 ], "texture": "#side" }
    }
},
{
    "__comment": "a",
    "from": [ 0, 0, 0 ],
    "to": [ 16, 8, 16 ],
    "faces": {
        "down":  { "uv": [ 16, 16, 0, 0 ], "texture": "#bottom" },
        "up":    { "uv": [ 0, 0, 16, 16 ], "texture": "#top" },
        "north": { "uv": [ 0, 8, 16, 16 ], "texture": "#side" },
        "south": { "uv": [ 0, 8, 16, 16 ], "texture": "#side" },
        "west":  { "uv": [ 0, 8, 16, 16 ], "texture": "#side" },
        "east":  { "uv": [ 0, 8, 16, 16 ], "texture": "#side" }
    }
},
{
    "__comment": "a",
    "from": [ 0, 8, 0.0625 ],
    "to": [ 0.75, 8.5, 0.8125 ],
    "faces": {
        "down":  { "uv": [ 16, 0.8125, 15.25, 0.0625 ], "texture": "#bottom" },
        "up":    { "uv": [ 0, 0.0625, 0.75, 0.8125 ], "texture": "#top" },
        "north": { "uv": [ 15.25, 7.5, 16, 8 ], "texture": "#side" },
        "south": { "uv": [ 0, 7.5, 0.75, 8 ], "texture": "#side" },
        "west":  { "uv": [ 0.0625, 7.5, 0.8125, 8 ], "texture": "#side" },
        "east":  { "uv": [ 15.1875, 7.5, 15.9375, 8 ], "texture": "#side" }
    }
}
]
}