{
"__comment": "Designed by Woliongames with BDcraft Cubik PRO 0.87 Beta - http://bdcraft.net",
"ambientocclusion": false,
"textures": {
    "particle": "#side",
    "top": "#top",
    "side": "#side",
    "bottom": "#bottom"
},
"elements": [ 
{
    "from": [ 0, 0, 0 ],
    "to": [ 16, 8, 16 ],
    "faces": {
        "down":  { "uv": [ 16, 16, 0, 0 ], "texture": "#bottom" },
        "up":    { "uv": [ 0, 0, 16, 16 ], "texture": "#top" },
        "north": { "uv": [ 0, 8, 16, 16 ], "texture": "#side" },
        "south": { "uv": [ 0, 8, 16, 16 ], "texture": "#side" },
        "west":  { "uv": [ 0, 8, 16, 16 ], "texture": "#side" },
        "east":  { "uv": [ 0, 8, 16, 16 ], "texture": "#side" }
    }
},
{
    "from": [ 14, 14.5, 0 ],
    "to": [ 16, 16, 16 ],
    "faces": {
        "down":  { "uv": [ 2, 16, 0, 0 ], "texture": "#bottom" },
        "up":    { "uv": [ 14, 0, 16, 16 ], "texture": "#top" },
        "north": { "uv": [ 0, 0, 2, 1.5 ], "texture": "#side" },
        "south": { "uv": [ 14, 0, 16, 1.5 ], "texture": "#side" },
        "west":  { "uv": [ 0, 0, 16, 1.5 ], "texture": "#side" },
        "east":  { "uv": [ 0, 0, 16, 1.5 ], "texture": "#side" }
    }
},
{
    "from": [ 11.75, 11.75, 0 ],
    "to": [ 16, 13, 16 ],
    "faces": {
        "down":  { "uv": [ 4.25, 16, 0, 0 ], "texture": "#bottom" },
        "up":    { "uv": [ 11.75, 0, 16, 16 ], "texture": "#top" },
        "north": { "uv": [ 0, 3, 4.25, 4.25 ], "texture": "#side" },
        "south": { "uv": [ 11.75, 3, 16, 4.25 ], "texture": "#side" },
        "west":  { "uv": [ 0, 3, 16, 4.25 ], "texture": "#side" },
        "east":  { "uv": [ 0, 3, 16, 4.25 ], "texture": "#side" }
    }
},
{
    "from": [ 11.5, 11, 0 ],
    "to": [ 16, 11.75, 16 ],
    "faces": {
        "down":  { "uv": [ 4.5, 16, 0, 0 ], "texture": "#bottom" },
        "up":    { "uv": [ 11.5, 0, 16, 16 ], "texture": "#top" },
        "north": { "uv": [ 0, 4.25, 4.5, 5 ], "texture": "#side" },
        "south": { "uv": [ 11.5, 4.25, 16, 5 ], "texture": "#side" },
        "west":  { "uv": [ 0, 4.25, 16, 5 ], "texture": "#side" },
        "east":  { "uv": [ 0, 4.25, 16, 5 ], "texture": "#side" }
    }
},
{
    "from": [ 11, 10.5, 0 ],
    "to": [ 16, 11, 16 ],
    "faces": {
        "down":  { "uv": [ 5, 16, 0, 0 ], "texture": "#bottom" },
        "up":    { "uv": [ 11, 0, 16, 16 ], "texture": "#top" },
        "north": { "uv": [ 0, 5, 5, 5.5 ], "texture": "#side" },
        "south": { "uv": [ 11, 5, 16, 5.5 ], "texture": "#side" },
        "west":  { "uv": [ 0, 5, 16, 5.5 ], "texture": "#side" },
        "east":  { "uv": [ 0, 5, 16, 5.5 ], "texture": "#side" }
    }
},
{
    "from": [ 0.75, 8, 0 ],
    "to": [ 16, 8.5, 16 ],
    "faces": {
        "down":  { "uv": [ 15.25, 16, 0, 0 ], "texture": "#bottom" },
        "up":    { "uv": [ 0.75, 0, 16, 16 ], "texture": "#top" },
        "north": { "uv": [ 0, 7.5, 15.25, 8 ], "texture": "#side" },
        "south": { "uv": [ 0.75, 7.5, 16, 8 ], "texture": "#side" },
        "west":  { "uv": [ 0, 7.5, 16, 8 ], "texture": "#side" },
        "east":  { "uv": [ 0, 7.5, 16, 8 ], "texture": "#side" }
    }
},
{
    "from": [ 6.25, 8.5, 0 ],
    "to": [ 16, 9, 16 ],
    "faces": {
        "down":  { "uv": [ 9.75, 16, 0, 0 ], "texture": "#bottom" },
        "up":    { "uv": [ 6.25, 0, 16, 16 ], "texture": "#top" },
        "north": { "uv": [ 0, 7, 9.75, 7.5 ], "texture": "#side" },
        "south": { "uv": [ 6.25, 7, 16, 7.5 ], "texture": "#side" },
        "west":  { "uv": [ 0, 7, 16, 7.5 ], "texture": "#side" },
        "east":  { "uv": [ 0, 7, 16, 7.5 ], "texture": "#side" }
    }
},
{
    "from": [ 8.5, 9, 0 ],
    "to": [ 16, 9.5, 16 ],
    "faces": {
        "down":  { "uv": [ 7.5, 16, 0, 0 ], "texture": "#bottom" },
        "up":    { "uv": [ 8.5, 0, 16, 16 ], "texture": "#top" },
        "north": { "uv": [ 0, 6.5, 7.5, 7 ], "texture": "#side" },
        "south": { "uv": [ 8.5, 6.5, 16, 7 ], "texture": "#side" },
        "west":  { "uv": [ 0, 6.5, 16, 7 ], "texture": "#side" },
        "east":  { "uv": [ 0, 6.5, 16, 7 ], "texture": "#side" }
    }
},
{
    "from": [ 9.75, 9.5, 0 ],
    "to": [ 16, 10, 16 ],
    "faces": {
        "down":  { "uv": [ 6.25, 16, 0, 0 ], "texture": "#bottom" },
        "up":    { "uv": [ 9.75, 0, 16, 16 ], "texture": "#top" },
        "north": { "uv": [ 0, 6, 6.25, 6.5 ], "texture": "#side" },
        "south": { "uv": [ 9.75, 6, 16, 6.5 ], "texture": "#side" },
        "west":  { "uv": [ 0, 6, 16, 6.5 ], "texture": "#side" },
        "east":  { "uv": [ 0, 6, 16, 6.5 ], "texture": "#side" }
    }
},
{
    "from": [ 10.25, 10, 0 ],
    "to": [ 16, 10.5, 16 ],
    "faces": {
        "down":  { "uv": [ 5.75, 16, 0, 0 ], "texture": "#bottom" },
        "up":    { "uv": [ 10.25, 0, 16, 16 ], "texture": "#top" },
        "north": { "uv": [ 0, 5.5, 5.75, 6 ], "texture": "#side" },
        "south": { "uv": [ 10.25, 5.5, 16, 6 ], "texture": "#side" },
        "west":  { "uv": [ 0, 5.5, 16, 6 ], "texture": "#side" },
        "east":  { "uv": [ 0, 5.5, 16, 6 ], "texture": "#side" }
    }
},
{
    "from": [ 12, 13, 0 ],
    "to": [ 16, 14.5, 16 ],
    "faces": {
        "down":  { "uv": [ 4, 16, 0, 0 ], "texture": "#bottom" },
        "up":    { "uv": [ 12, 0, 16, 16 ], "texture": "#top" },
        "north": { "uv": [ 0, 1.5, 4, 3 ], "texture": "#side" },
        "south": { "uv": [ 12, 1.5, 16, 3 ], "texture": "#side" },
        "west":  { "uv": [ 0, 1.5, 16, 3 ], "texture": "#side" },
        "east":  { "uv": [ 0, 1.5, 16, 3 ], "texture": "#side" }
    }
}
]
}