{
"__comment": "Designed by Woliongames with BDcraft Cubik PRO 0.87 Beta - http://bdcraft.net",
"ambientocclusion": false,
"textures": {
    "particle": "#side",
    "side": "#side",
    "top": "#top",
    "bottom": "#bottom"
},
"elements": [ 
{
    "__comment": "b",
    "from": [ 14, 14.5, 15.5 ],
    "to": [ 16, 16, 16 ],
    "faces": {
        "down":  { "uv": [ 2, 16, 0, 15.5 ], "texture": "#bottom" },
        "up":    { "uv": [ 14, 15.5, 16, 16 ], "texture": "#top" },
        "north": { "uv": [ 0, 0, 2, 1.5 ], "texture": "#side" },
        "south": { "uv": [ 14, 0, 16, 1.5 ], "texture": "#side" },
        "west":  { "uv": [ 15.5, 0, 16, 1.5 ], "texture": "#side" },
        "east":  { "uv": [ 0, 0, 0.5, 1.5 ], "texture": "#side" }
    }
},
{
    "__comment": "b",
    "from": [ 11.75, 11.75, 15 ],
    "to": [ 16, 13, 16 ],
    "faces": {
        "down":  { "uv": [ 4.25, 16, 0, 15 ], "texture": "#bottom" },
        "up":    { "uv": [ 11.75, 15, 16, 16 ], "texture": "#top" },
        "north": { "uv": [ 0, 3, 4.25, 4.25 ], "texture": "#side" },
        "south": { "uv": [ 11.75, 3, 16, 4.25 ], "texture": "#side" },
        "west":  { "uv": [ 15, 3, 16, 4.25 ], "texture": "#side" },
        "east":  { "uv": [ 0, 3, 1, 4.25 ], "texture": "#side" }
    }
},
{
    "__comment": "b7",
    "from": [ 11.5, 11, 14.5 ],
    "to": [ 16, 11.75, 16 ],
    "faces": {
        "down":  { "uv": [ 4.5, 16, 0, 14.5 ], "texture": "#bottom" },
        "up":    { "uv": [ 11.5, 14.5, 16, 16 ], "texture": "#top" },
        "north": { "uv": [ 0, 4.25, 4.5, 5 ], "texture": "#side" },
        "south": { "uv": [ 11.5, 4.25, 16, 5 ], "texture": "#side" },
        "west":  { "uv": [ 14.5, 4.25, 16, 5 ], "texture": "#side" },
        "east":  { "uv": [ 0, 4.25, 1.5, 5 ], "texture": "#side" }
    }
},
{
    "__comment": "b6",
    "from": [ 11, 10.5, 14 ],
    "to": [ 16, 11, 16 ],
    "faces": {
        "down":  { "uv": [ 5, 16, 0, 14 ], "texture": "#bottom" },
        "up":    { "uv": [ 11, 14, 16, 16 ], "texture": "#top" },
        "north": { "uv": [ 0, 5, 5, 5.5 ], "texture": "#side" },
        "south": { "uv": [ 11, 5, 16, 5.5 ], "texture": "#side" },
        "west":  { "uv": [ 14, 5, 16, 5.5 ], "texture": "#side" },
        "east":  { "uv": [ 0, 5, 2, 5.5 ], "texture": "#side" }
    }
},
{
    "__comment": "b1",
    "from": [ 0.75, 8, 4 ],
    "to": [ 16, 8.5, 16 ],
    "faces": {
        "down":  { "uv": [ 15.25, 16, 0, 4 ], "texture": "#bottom" },
        "up":    { "uv": [ 0.75, 4, 16, 16 ], "texture": "#top" },
        "north": { "uv": [ 0, 7.5, 15.25, 8 ], "texture": "#side" },
        "south": { "uv": [ 0.75, 7.5, 16, 8 ], "texture": "#side" },
        "west":  { "uv": [ 4, 7.5, 16, 8 ], "texture": "#side" },
        "east":  { "uv": [ 0, 7.5, 12, 8 ], "texture": "#side" }
    }
},
{
    "__comment": "b2",
    "from": [ 6.25, 8.5, 9 ],
    "to": [ 16, 9, 16 ],
    "faces": {
        "down":  { "uv": [ 9.75, 16, 0, 9 ], "texture": "#bottom" },
        "up":    { "uv": [ 6.25, 9, 16, 16 ], "texture": "#top" },
        "north": { "uv": [ 0, 7, 9.75, 7.5 ], "texture": "#side" },
        "south": { "uv": [ 6.25, 7, 16, 7.5 ], "texture": "#side" },
        "west":  { "uv": [ 9, 7, 16, 7.5 ], "texture": "#side" },
        "east":  { "uv": [ 0, 7, 7, 7.5 ], "texture": "#side" }
    }
},
{
    "__comment": "b3",
    "from": [ 8.5, 9, 11 ],
    "to": [ 16, 9.5, 16 ],
    "faces": {
        "down":  { "uv": [ 7.5, 16, 0, 11 ], "texture": "#bottom" },
        "up":    { "uv": [ 8.5, 11, 16, 16 ], "texture": "#top" },
        "north": { "uv": [ 0, 6.5, 7.5, 7 ], "texture": "#side" },
        "south": { "uv": [ 8.5, 6.5, 16, 7 ], "texture": "#side" },
        "west":  { "uv": [ 11, 6.5, 16, 7 ], "texture": "#side" },
        "east":  { "uv": [ 0, 6.5, 5, 7 ], "texture": "#side" }
    }
},
{
    "__comment": "b4",
    "from": [ 9.75, 9.5, 13 ],
    "to": [ 16, 10, 16 ],
    "faces": {
        "down":  { "uv": [ 6.25, 16, 0, 13 ], "texture": "#bottom" },
        "up":    { "uv": [ 9.75, 13, 16, 16 ], "texture": "#top" },
        "north": { "uv": [ 0, 6, 6.25, 6.5 ], "texture": "#side" },
        "south": { "uv": [ 9.75, 6, 16, 6.5 ], "texture": "#side" },
        "west":  { "uv": [ 13, 6, 16, 6.5 ], "texture": "#side" },
        "east":  { "uv": [ 0, 6, 3, 6.5 ], "texture": "#side" }
    }
},
{
    "__comment": "b5",
    "from": [ 10.25, 10, 13 ],
    "to": [ 16, 10.5, 16 ],
    "faces": {
        "down":  { "uv": [ 5.75, 16, 0, 13 ], "texture": "#bottom" },
        "up":    { "uv": [ 10.25, 13, 16, 16 ], "texture": "#top" },
        "north": { "uv": [ 0, 5.5, 5.75, 6 ], "texture": "#side" },
        "south": { "uv": [ 10.25, 5.5, 16, 6 ], "texture": "#side" },
        "west":  { "uv": [ 13, 5.5, 16, 6 ], "texture": "#side" },
        "east":  { "uv": [ 0, 5.5, 3, 6 ], "texture": "#side" }
    }
},
{
    "__comment": "b8",
    "from": [ 12, 13, 15.25 ],
    "to": [ 16, 14.5, 16 ],
    "faces": {
        "down":  { "uv": [ 4, 16, 0, 15.25 ], "texture": "#bottom" },
        "up":    { "uv": [ 12, 15.25, 16, 16 ], "texture": "#top" },
        "north": { "uv": [ 0, 1.5, 4, 3 ], "texture": "#side" },
        "south": { "uv": [ 12, 1.5, 16, 3 ], "texture": "#side" },
        "west":  { "uv": [ 15.25, 1.5, 16, 3 ], "texture": "#side" },
        "east":  { "uv": [ 0, 1.5, 0.75, 3 ], "texture": "#side" }
    }
},
{
    "__comment": "fuss",
    "from": [ 0, 0, 0 ],
    "to": [ 16, 8, 16 ],
    "faces": {
        "down":  { "uv": [ 16, 16, 0, 0 ], "texture": "#bottom" },
        "up":    { "uv": [ 0, 0, 16, 16 ], "texture": "#top" },
        "north": { "uv": [ 0, 8, 16, 16 ], "texture": "#side" },
        "south": { "uv": [ 0, 8, 16, 16 ], "texture": "#side" },
        "west":  { "uv": [ 0, 8, 16, 16 ], "texture": "#side" },
        "east":  { "uv": [ 1.7763600157738027e-015, 8, 16, 16 ], "texture": "#side" }
    }
},
{
    "__comment": "b1",
    "from": [ 4, 8, 0.75 ],
    "to": [ 16, 8.5, 4 ],
    "faces": {
        "down":  { "uv": [ 12, 4, 0, 0.75 ], "texture": "#bottom" },
        "up":    { "uv": [ 4, 0.75, 16, 4 ], "texture": "#top" },
        "north": { "uv": [ 0, 7.5, 12, 8 ], "texture": "#side" },
        "south": { "uv": [ 4, 7.5, 16, 8 ], "texture": "#side" },
        "west":  { "uv": [ 0.75, 7.5, 4, 8 ], "texture": "#side" },
        "east":  { "uv": [ 12, 7.5, 15.25, 8 ], "texture": "#side" }
    }
},
{
    "__comment": "b1",
    "from": [ 1, 8, 2.5 ],
    "to": [ 4, 8.5, 4 ],
    "faces": {
        "down":  { "uv": [ 15, 4, 12, 2.5 ], "texture": "#bottom" },
        "up":    { "uv": [ 1, 2.5, 4, 4 ], "texture": "#top" },
        "north": { "uv": [ 12, 7.5, 15, 8 ], "texture": "#side" },
        "south": { "uv": [ 1, 7.5, 4, 8 ], "texture": "#side" },
        "west":  { "uv": [ 2.5, 7.5, 4, 8 ], "texture": "#side" },
        "east":  { "uv": [ 12, 7.5, 13.5, 8 ], "texture": "#side" }
    }
},
{
    "__comment": "b1",
    "from": [ 2, 8, 1.25 ],
    "to": [ 4, 8.5, 2.5 ],
    "faces": {
        "down":  { "uv": [ 14, 2.5, 12, 1.25 ], "texture": "#bottom" },
        "up":    { "uv": [ 2, 1.25, 4, 2.5 ], "texture": "#top" },
        "north": { "uv": [ 12, 7.5, 14, 8 ], "texture": "#side" },
        "south": { "uv": [ 2, 7.5, 4, 8 ], "texture": "#side" },
        "west":  { "uv": [ 1.25, 7.5, 2.5, 8 ], "texture": "#side" },
        "east":  { "uv": [ 13.5, 7.5, 14.75, 8 ], "texture": "#side" }
    }
},
{
    "__comment": "b1",
    "from": [ 1.5, 8, 1.75 ],
    "to": [ 2, 8.5, 2.5 ],
    "faces": {
        "down":  { "uv": [ 14.5, 2.5, 14, 1.75 ], "texture": "#bottom" },
        "up":    { "uv": [ 1.5, 1.75, 2, 2.5 ], "texture": "#top" },
        "north": { "uv": [ 14, 7.5, 14.5, 8 ], "texture": "#side" },
        "south": { "uv": [ 1.5, 7.5, 2, 8 ], "texture": "#side" },
        "west":  { "uv": [ 1.75, 7.5, 2.5, 8 ], "texture": "#side" },
        "east":  { "uv": [ 13.5, 7.5, 14.25, 8 ], "texture": "#side" }
    }
},
{
    "__comment": "b2*",
    "from": [ 9.25, 8.5, 6.25 ],
    "to": [ 16, 9, 6.5 ],
    "faces": {
        "down":  { "uv": [ 6.75, 6.5, 0, 6.25 ], "texture": "#bottom" },
        "up":    { "uv": [ 9.25, 6.25, 16, 6.5 ], "texture": "#top" },
        "north": { "uv": [ 0, 7, 6.75, 7.5 ], "texture": "#side" },
        "south": { "uv": [ 9.25, 7, 16, 7.5 ], "texture": "#side" },
        "west":  { "uv": [ 6.25, 7, 6.5, 7.5 ], "texture": "#side" },
        "east":  { "uv": [ 9.5, 7, 9.75, 7.5 ], "texture": "#side" }
    }
},
{
    "__comment": "b2*",
    "from": [ 7.25, 8.5, 6.75 ],
    "to": [ 16, 9, 7.25 ],
    "faces": {
        "down":  { "uv": [ 8.75, 7.25, 0, 6.75 ], "texture": "#bottom" },
        "up":    { "uv": [ 7.25, 6.75, 16, 7.25 ], "texture": "#top" },
        "north": { "uv": [ 0, 7, 8.75, 7.5 ], "texture": "#side" },
        "south": { "uv": [ 7.25, 7, 16, 7.5 ], "texture": "#side" },
        "west":  { "uv": [ 6.75, 7, 7.25, 7.5 ], "texture": "#side" },
        "east":  { "uv": [ 8.75, 7, 9.25, 7.5 ], "texture": "#side" }
    }
},
{
    "__comment": "b2*",
    "from": [ 6.75, 8.5, 7.25 ],
    "to": [ 16, 9, 9 ],
    "faces": {
        "down":  { "uv": [ 9.25, 9, 0, 7.25 ], "texture": "#bottom" },
        "up":    { "uv": [ 6.75, 7.25, 16, 9 ], "texture": "#top" },
        "north": { "uv": [ 0, 7, 9.25, 7.5 ], "texture": "#side" },
        "south": { "uv": [ 6.75, 7, 16, 7.5 ], "texture": "#side" },
        "west":  { "uv": [ 7.25, 7, 9, 7.5 ], "texture": "#side" },
        "east":  { "uv": [ 7, 7, 8.75, 7.5 ], "texture": "#side" }
    }
},
{
    "__comment": "b3*",
    "from": [ 11, 9, 8.5 ],
    "to": [ 16, 9.5, 8.75 ],
    "faces": {
        "down":  { "uv": [ 5, 8.75, 0, 8.5 ], "texture": "#bottom" },
        "up":    { "uv": [ 11, 8.5, 16, 8.75 ], "texture": "#top" },
        "north": { "uv": [ 0, 6.5, 5, 7 ], "texture": "#side" },
        "south": { "uv": [ 11, 6.5, 16, 7 ], "texture": "#side" },
        "west":  { "uv": [ 8.5, 6.5, 8.75, 7 ], "texture": "#side" },
        "east":  { "uv": [ 7.25, 6.5, 7.5, 7 ], "texture": "#side" }
    }
},
{
    "__comment": "b3*",
    "from": [ 10, 9, 8.75 ],
    "to": [ 16, 9.5, 9 ],
    "faces": {
        "down":  { "uv": [ 6, 9, 0, 8.75 ], "texture": "#bottom" },
        "up":    { "uv": [ 10, 8.75, 16, 9 ], "texture": "#top" },
        "north": { "uv": [ 0, 6.5, 6, 7 ], "texture": "#side" },
        "south": { "uv": [ 10, 6.5, 16, 7 ], "texture": "#side" },
        "west":  { "uv": [ 8.75, 6.5, 9, 7 ], "texture": "#side" },
        "east":  { "uv": [ 7, 6.5, 7.25, 7 ], "texture": "#side" }
    }
},
{
    "__comment": "b3*",
    "from": [ 8.75, 9, 10 ],
    "to": [ 16, 9.5, 11 ],
    "faces": {
        "down":  { "uv": [ 7.25, 11, 0, 10 ], "texture": "#bottom" },
        "up":    { "uv": [ 8.75, 10, 16, 11 ], "texture": "#top" },
        "north": { "uv": [ 0, 6.5, 7.25, 7 ], "texture": "#side" },
        "south": { "uv": [ 8.75, 6.5, 16, 7 ], "texture": "#side" },
        "west":  { "uv": [ 10, 6.5, 11, 7 ], "texture": "#side" },
        "east":  { "uv": [ 5, 6.5, 6, 7 ], "texture": "#side" }
    }
},
{
    "__comment": "b3*",
    "from": [ 9, 9, 9.5 ],
    "to": [ 16, 9.5, 10 ],
    "faces": {
        "down":  { "uv": [ 7, 10, 0, 9.5 ], "texture": "#bottom" },
        "up":    { "uv": [ 9, 9.5, 16, 10 ], "texture": "#top" },
        "north": { "uv": [ 0, 6.5, 7, 7 ], "texture": "#side" },
        "south": { "uv": [ 9, 6.5, 16, 7 ], "texture": "#side" },
        "west":  { "uv": [ 9.5, 6.5, 10, 7 ], "texture": "#side" },
        "east":  { "uv": [ 6, 6.5, 6.5, 7 ], "texture": "#side" }
    }
},
{
    "__comment": "b3*",
    "from": [ 9.5, 9, 9 ],
    "to": [ 16, 9.5, 9.5 ],
    "faces": {
        "down":  { "uv": [ 6.5, 9.5, 0, 9 ], "texture": "#bottom" },
        "up":    { "uv": [ 9.5, 9, 16, 9.5 ], "texture": "#top" },
        "north": { "uv": [ 0, 6.5, 6.5, 7 ], "texture": "#side" },
        "south": { "uv": [ 9.5, 6.5, 16, 7 ], "texture": "#side" },
        "west":  { "uv": [ 9, 6.5, 9.5, 7 ], "texture": "#side" },
        "east":  { "uv": [ 6.5, 6.5, 7, 7 ], "texture": "#side" }
    }
},
{
    "__comment": "b4*",
    "from": [ 13, 9.5, 9.75 ],
    "to": [ 16, 10, 10.25 ],
    "faces": {
        "down":  { "uv": [ 3, 10.25, 0, 9.75 ], "texture": "#bottom" },
        "up":    { "uv": [ 13, 9.75, 16, 10.25 ], "texture": "#top" },
        "north": { "uv": [ 0, 6, 3, 6.5 ], "texture": "#side" },
        "south": { "uv": [ 13, 6, 16, 6.5 ], "texture": "#side" },
        "west":  { "uv": [ 9.75, 6, 10.25, 6.5 ], "texture": "#side" },
        "east":  { "uv": [ 5.75, 6, 6.25, 6.5 ], "texture": "#side" }
    }
},
{
    "__comment": "b4*",
    "from": [ 11.5, 9.5, 10.25 ],
    "to": [ 16, 10, 10.75 ],
    "faces": {
        "down":  { "uv": [ 4.5, 10.75, 0, 10.25 ], "texture": "#bottom" },
        "up":    { "uv": [ 11.5, 10.25, 16, 10.75 ], "texture": "#top" },
        "north": { "uv": [ 0, 6, 4.5, 6.5 ], "texture": "#side" },
        "south": { "uv": [ 11.5, 6, 16, 6.5 ], "texture": "#side" },
        "west":  { "uv": [ 10.25, 6, 10.75, 6.5 ], "texture": "#side" },
        "east":  { "uv": [ 5.25, 6, 5.75, 6.5 ], "texture": "#side" }
    }
},
{
    "__comment": "b4*",
    "from": [ 10.25, 9.5, 11.5 ],
    "to": [ 16, 10, 13 ],
    "faces": {
        "down":  { "uv": [ 5.75, 13, 0, 11.5 ], "texture": "#bottom" },
        "up":    { "uv": [ 10.25, 11.5, 16, 13 ], "texture": "#top" },
        "north": { "uv": [ 0, 6, 5.75, 6.5 ], "texture": "#side" },
        "south": { "uv": [ 10.25, 6, 16, 6.5 ], "texture": "#side" },
        "west":  { "uv": [ 11.5, 6, 13, 6.5 ], "texture": "#side" },
        "east":  { "uv": [ 3, 6, 4.5, 6.5 ], "texture": "#side" }
    }
},
{
    "__comment": "b4*",
    "from": [ 10.75, 9.5, 10.75 ],
    "to": [ 16, 10, 11.5 ],
    "faces": {
        "down":  { "uv": [ 5.25, 11.5, 0, 10.75 ], "texture": "#bottom" },
        "up":    { "uv": [ 10.75, 10.75, 16, 11.5 ], "texture": "#top" },
        "north": { "uv": [ 0, 6, 5.25, 6.5 ], "texture": "#side" },
        "south": { "uv": [ 10.75, 6, 16, 6.5 ], "texture": "#side" },
        "west":  { "uv": [ 10.75, 6, 11.5, 6.5 ], "texture": "#side" },
        "east":  { "uv": [ 4.5, 6, 5.25, 6.5 ], "texture": "#side" }
    }
},
{
    "__comment": "b5*",
    "from": [ 13, 10, 10.25 ],
    "to": [ 16, 10.5, 10.5 ],
    "faces": {
        "down":  { "uv": [ 3, 10.5, 0, 10.25 ], "texture": "#bottom" },
        "up":    { "uv": [ 13, 10.25, 16, 10.5 ], "texture": "#top" },
        "north": { "uv": [ 0, 5.5, 3, 6 ], "texture": "#side" },
        "south": { "uv": [ 13, 5.5, 16, 6 ], "texture": "#side" },
        "west":  { "uv": [ 10.25, 5.5, 10.5, 6 ], "texture": "#side" },
        "east":  { "uv": [ 5.5, 5.5, 5.75, 6 ], "texture": "#side" }
    }
},
{
    "__comment": "b5*",
    "from": [ 10.5, 10, 12 ],
    "to": [ 16, 10.5, 13 ],
    "faces": {
        "down":  { "uv": [ 5.5, 13, 0, 12 ], "texture": "#bottom" },
        "up":    { "uv": [ 10.5, 12, 16, 13 ], "texture": "#top" },
        "north": { "uv": [ 0, 5.5, 5.5, 6 ], "texture": "#side" },
        "south": { "uv": [ 10.5, 5.5, 16, 6 ], "texture": "#side" },
        "west":  { "uv": [ 12, 5.5, 13, 6 ], "texture": "#side" },
        "east":  { "uv": [ 3, 5.5, 4, 6 ], "texture": "#side" }
    }
},
{
    "__comment": "b5*",
    "from": [ 12, 10, 10.5 ],
    "to": [ 16, 10.5, 10.75 ],
    "faces": {
        "down":  { "uv": [ 4, 10.75, 0, 10.5 ], "texture": "#bottom" },
        "up":    { "uv": [ 12, 10.5, 16, 10.75 ], "texture": "#top" },
        "north": { "uv": [ 0, 5.5, 4, 6 ], "texture": "#side" },
        "south": { "uv": [ 12, 5.5, 16, 6 ], "texture": "#side" },
        "west":  { "uv": [ 10.5, 5.5, 10.75, 6 ], "texture": "#side" },
        "east":  { "uv": [ 5.25, 5.5, 5.5, 6 ], "texture": "#side" }
    }
},
{
    "__comment": "b5*",
    "from": [ 10.75, 10, 11.5 ],
    "to": [ 16, 10.5, 12 ],
    "faces": {
        "down":  { "uv": [ 5.25, 12, 0, 11.5 ], "texture": "#bottom" },
        "up":    { "uv": [ 10.75, 11.5, 16, 12 ], "texture": "#top" },
        "north": { "uv": [ 0, 5.5, 5.25, 6 ], "texture": "#side" },
        "south": { "uv": [ 10.75, 5.5, 16, 6 ], "texture": "#side" },
        "west":  { "uv": [ 11.5, 5.5, 12, 6 ], "texture": "#side" },
        "east":  { "uv": [ 4, 5.5, 4.5, 6 ], "texture": "#side" }
    }
},
{
    "__comment": "b5*",
    "from": [ 11.5, 10, 10.75 ],
    "to": [ 16, 10.5, 11 ],
    "faces": {
        "down":  { "uv": [ 4.5, 11, 0, 10.75 ], "texture": "#bottom" },
        "up":    { "uv": [ 11.5, 10.75, 16, 11 ], "texture": "#top" },
        "north": { "uv": [ 0, 5.5, 4.5, 6 ], "texture": "#side" },
        "south": { "uv": [ 11.5, 5.5, 16, 6 ], "texture": "#side" },
        "west":  { "uv": [ 10.75, 5.5, 11, 6 ], "texture": "#side" },
        "east":  { "uv": [ 5, 5.5, 5.25, 6 ], "texture": "#side" }
    }
},
{
    "__comment": "b5*",
    "from": [ 11, 10, 11 ],
    "to": [ 16, 10.5, 11.5 ],
    "faces": {
        "down":  { "uv": [ 5, 11.5, 0, 11 ], "texture": "#bottom" },
        "up":    { "uv": [ 11, 11, 16, 11.5 ], "texture": "#top" },
        "north": { "uv": [ 0, 5.5, 5, 6 ], "texture": "#side" },
        "south": { "uv": [ 11, 5.5, 16, 6 ], "texture": "#side" },
        "west":  { "uv": [ 11, 5.5, 11.5, 6 ], "texture": "#side" },
        "east":  { "uv": [ 4.5, 5.5, 5, 6 ], "texture": "#side" }
    }
},
{
    "__comment": "b6*",
    "from": [ 14, 10.5, 11 ],
    "to": [ 16, 11, 11.25 ],
    "faces": {
        "down":  { "uv": [ 2, 11.25, 0, 11 ], "texture": "#bottom" },
        "up":    { "uv": [ 14, 11, 16, 11.25 ], "texture": "#top" },
        "north": { "uv": [ 0, 5, 2, 5.5 ], "texture": "#side" },
        "south": { "uv": [ 14, 5, 16, 5.5 ], "texture": "#side" },
        "west":  { "uv": [ 11, 5, 11.25, 5.5 ], "texture": "#side" },
        "east":  { "uv": [ 4.75, 5, 5, 5.5 ], "texture": "#side" }
    }
},
{
    "__comment": "b6*",
    "from": [ 11.25, 10.5, 13 ],
    "to": [ 16, 11, 14 ],
    "faces": {
        "down":  { "uv": [ 4.75, 14, 0, 13 ], "texture": "#bottom" },
        "up":    { "uv": [ 11.25, 13, 16, 14 ], "texture": "#top" },
        "north": { "uv": [ 0, 5, 4.75, 5.5 ], "texture": "#side" },
        "south": { "uv": [ 11.25, 5, 16, 5.5 ], "texture": "#side" },
        "west":  { "uv": [ 13, 5, 14, 5.5 ], "texture": "#side" },
        "east":  { "uv": [ 2, 5, 3, 5.5 ], "texture": "#side" }
    }
},
{
    "__comment": "b6*",
    "from": [ 13, 10.5, 11.25 ],
    "to": [ 16, 11, 11.5 ],
    "faces": {
        "down":  { "uv": [ 3, 11.5, 0, 11.25 ], "texture": "#bottom" },
        "up":    { "uv": [ 13, 11.25, 16, 11.5 ], "texture": "#top" },
        "north": { "uv": [ 0, 5, 3, 5.5 ], "texture": "#side" },
        "south": { "uv": [ 13, 5, 16, 5.5 ], "texture": "#side" },
        "west":  { "uv": [ 11.25, 5, 11.5, 5.5 ], "texture": "#side" },
        "east":  { "uv": [ 4.5, 5, 4.75, 5.5 ], "texture": "#side" }
    }
},
{
    "__comment": "b6*",
    "from": [ 11.5, 10.5, 12.25 ],
    "to": [ 16, 11, 13 ],
    "faces": {
        "down":  { "uv": [ 4.5, 13, 0, 12.25 ], "texture": "#bottom" },
        "up":    { "uv": [ 11.5, 12.25, 16, 13 ], "texture": "#top" },
        "north": { "uv": [ 0, 5, 4.5, 5.5 ], "texture": "#side" },
        "south": { "uv": [ 11.5, 5, 16, 5.5 ], "texture": "#side" },
        "west":  { "uv": [ 12.25, 5, 13, 5.5 ], "texture": "#side" },
        "east":  { "uv": [ 3, 5, 3.75, 5.5 ], "texture": "#side" }
    }
},
{
    "__comment": "b6*",
    "from": [ 12.25, 10.5, 11.5 ],
    "to": [ 16, 11, 11.75 ],
    "faces": {
        "down":  { "uv": [ 3.75, 11.75, 0, 11.5 ], "texture": "#bottom" },
        "up":    { "uv": [ 12.25, 11.5, 16, 11.75 ], "texture": "#top" },
        "north": { "uv": [ 0, 5, 3.75, 5.5 ], "texture": "#side" },
        "south": { "uv": [ 12.25, 5, 16, 5.5 ], "texture": "#side" },
        "west":  { "uv": [ 11.5, 5, 11.75, 5.5 ], "texture": "#side" },
        "east":  { "uv": [ 4.25, 5, 4.5, 5.5 ], "texture": "#side" }
    }
},
{
    "__comment": "b6*",
    "from": [ 11.75, 10.5, 11.75 ],
    "to": [ 16, 11, 12.25 ],
    "faces": {
        "down":  { "uv": [ 4.25, 12.25, 0, 11.75 ], "texture": "#bottom" },
        "up":    { "uv": [ 11.75, 11.75, 16, 12.25 ], "texture": "#top" },
        "north": { "uv": [ 0, 5, 4.25, 5.5 ], "texture": "#side" },
        "south": { "uv": [ 11.75, 5, 16, 5.5 ], "texture": "#side" },
        "west":  { "uv": [ 11.75, 5, 12.25, 5.5 ], "texture": "#side" },
        "east":  { "uv": [ 3.75, 5, 4.25, 5.5 ], "texture": "#side" }
    }
},
{
    "__comment": "b7*",
    "from": [ 14.75, 11, 11.5 ],
    "to": [ 16, 11.75, 11.75 ],
    "faces": {
        "down":  { "uv": [ 1.25, 11.75, 0, 11.5 ], "texture": "#bottom" },
        "up":    { "uv": [ 14.75, 11.5, 16, 11.75 ], "texture": "#top" },
        "north": { "uv": [ 0, 4.25, 1.25, 5 ], "texture": "#side" },
        "south": { "uv": [ 14.75, 4.25, 16, 5 ], "texture": "#side" },
        "west":  { "uv": [ 11.5, 4.25, 11.75, 5 ], "texture": "#side" },
        "east":  { "uv": [ 4.25, 4.25, 4.5, 5 ], "texture": "#side" }
    }
},
{
    "__comment": "b7*",
    "from": [ 13.5, 11, 11.75 ],
    "to": [ 16, 11.75, 12 ],
    "faces": {
        "down":  { "uv": [ 2.5, 12, 0, 11.75 ], "texture": "#bottom" },
        "up":    { "uv": [ 13.5, 11.75, 16, 12 ], "texture": "#top" },
        "north": { "uv": [ 0, 4.25, 2.5, 5 ], "texture": "#side" },
        "south": { "uv": [ 13.5, 4.25, 16, 5 ], "texture": "#side" },
        "west":  { "uv": [ 11.75, 4.25, 12, 5 ], "texture": "#side" },
        "east":  { "uv": [ 4, 4.25, 4.25, 5 ], "texture": "#side" }
    }
},
{
    "__comment": "b7*",
    "from": [ 11.75, 11, 13.5 ],
    "to": [ 16, 11.75, 14.5 ],
    "faces": {
        "down":  { "uv": [ 4.25, 14.5, 0, 13.5 ], "texture": "#bottom" },
        "up":    { "uv": [ 11.75, 13.5, 16, 14.5 ], "texture": "#top" },
        "north": { "uv": [ 0, 4.25, 4.25, 5 ], "texture": "#side" },
        "south": { "uv": [ 11.75, 4.25, 16, 5 ], "texture": "#side" },
        "west":  { "uv": [ 13.5, 4.25, 14.5, 5 ], "texture": "#side" },
        "east":  { "uv": [ 1.5, 4.25, 2.5, 5 ], "texture": "#side" }
    }
},
{
    "__comment": "b7*",
    "from": [ 12, 11, 12.75 ],
    "to": [ 16, 11.75, 13.5 ],
    "faces": {
        "down":  { "uv": [ 4, 13.5, 0, 12.75 ], "texture": "#bottom" },
        "up":    { "uv": [ 12, 12.75, 16, 13.5 ], "texture": "#top" },
        "north": { "uv": [ 0, 4.25, 4, 5 ], "texture": "#side" },
        "south": { "uv": [ 12, 4.25, 16, 5 ], "texture": "#side" },
        "west":  { "uv": [ 12.75, 4.25, 13.5, 5 ], "texture": "#side" },
        "east":  { "uv": [ 2.5, 4.25, 3.25, 5 ], "texture": "#side" }
    }
},
{
    "__comment": "b7*",
    "from": [ 12.75, 11, 12 ],
    "to": [ 16, 11.75, 12.25 ],
    "faces": {
        "down":  { "uv": [ 3.25, 12.25, 0, 12 ], "texture": "#bottom" },
        "up":    { "uv": [ 12.75, 12, 16, 12.25 ], "texture": "#top" },
        "north": { "uv": [ 0, 4.25, 3.25, 5 ], "texture": "#side" },
        "south": { "uv": [ 12.75, 4.25, 16, 5 ], "texture": "#side" },
        "west":  { "uv": [ 12, 4.25, 12.25, 5 ], "texture": "#side" },
        "east":  { "uv": [ 3.75, 4.25, 4, 5 ], "texture": "#side" }
    }
},
{
    "__comment": "b7*",
    "from": [ 12.25, 11, 12.25 ],
    "to": [ 16, 11.75, 12.75 ],
    "faces": {
        "down":  { "uv": [ 3.75, 12.75, 0, 12.25 ], "texture": "#bottom" },
        "up":    { "uv": [ 12.25, 12.25, 16, 12.75 ], "texture": "#top" },
        "north": { "uv": [ 0, 4.25, 3.75, 5 ], "texture": "#side" },
        "south": { "uv": [ 12.25, 4.25, 16, 5 ], "texture": "#side" },
        "west":  { "uv": [ 12.25, 4.25, 12.75, 5 ], "texture": "#side" },
        "east":  { "uv": [ 3.25, 4.25, 3.75, 5 ], "texture": "#side" }
    }
},
{
    "__comment": "b2*",
    "from": [ 6.5, 8.5, 8 ],
    "to": [ 6.75, 9, 9 ],
    "faces": {
        "down":  { "uv": [ 9.5, 9, 9.25, 8 ], "texture": "#bottom" },
        "up":    { "uv": [ 6.5, 8, 6.75, 9 ], "texture": "#top" },
        "north": { "uv": [ 9.25, 7, 9.5, 7.5 ], "texture": "#side" },
        "south": { "uv": [ 6.5, 7, 6.75, 7.5 ], "texture": "#side" },
        "west":  { "uv": [ 8, 7, 9, 7.5 ], "texture": "#side" },
        "east":  { "uv": [ 7, 7, 8, 7.5 ], "texture": "#side" }
    }
},
{
    "__comment": "b2*",
    "from": [ 8.25, 8.5, 6.5 ],
    "to": [ 16, 9, 6.75 ],
    "faces": {
        "down":  { "uv": [ 7.75, 6.75, 0, 6.5 ], "texture": "#bottom" },
        "up":    { "uv": [ 8.25, 6.5, 16, 6.75 ], "texture": "#top" },
        "north": { "uv": [ 0, 7, 7.75, 7.5 ], "texture": "#side" },
        "south": { "uv": [ 8.25, 7, 16, 7.5 ], "texture": "#side" },
        "west":  { "uv": [ 6.5, 7, 6.75, 7.5 ], "texture": "#side" },
        "east":  { "uv": [ 9.25, 7, 9.5, 7.5 ], "texture": "#side" }
    }
},
{
    "__comment": "b",
    "from": [ 15, 11.75, 11.75 ],
    "to": [ 16, 13, 12 ],
    "faces": {
        "down":  { "uv": [ 1, 12, 0, 11.75 ], "texture": "#bottom" },
        "up":    { "uv": [ 15, 11.75, 16, 12 ], "texture": "#top" },
        "north": { "uv": [ 0, 3, 1, 4.25 ], "texture": "#side" },
        "south": { "uv": [ 15, 3, 16, 4.25 ], "texture": "#side" },
        "west":  { "uv": [ 11.75, 3, 12, 4.25 ], "texture": "#side" },
        "east":  { "uv": [ 4, 3, 4.25, 4.25 ], "texture": "#side" }
    }
},
{
    "__comment": "b",
    "from": [ 12, 11.75, 14 ],
    "to": [ 16, 13, 15 ],
    "faces": {
        "down":  { "uv": [ 4, 15, 0, 14 ], "texture": "#bottom" },
        "up":    { "uv": [ 12, 14, 16, 15 ], "texture": "#top" },
        "north": { "uv": [ 0, 3, 4, 4.25 ], "texture": "#side" },
        "south": { "uv": [ 12, 3, 16, 4.25 ], "texture": "#side" },
        "west":  { "uv": [ 14, 3, 15, 4.25 ], "texture": "#side" },
        "east":  { "uv": [ 1, 3, 2, 4.25 ], "texture": "#side" }
    }
},
{
    "__comment": "b",
    "from": [ 14, 11.75, 12 ],
    "to": [ 16, 13, 12.25 ],
    "faces": {
        "down":  { "uv": [ 2, 12.25, 0, 12 ], "texture": "#bottom" },
        "up":    { "uv": [ 14, 12, 16, 12.25 ], "texture": "#top" },
        "north": { "uv": [ 0, 3, 2, 4.25 ], "texture": "#side" },
        "south": { "uv": [ 14, 3, 16, 4.25 ], "texture": "#side" },
        "west":  { "uv": [ 12, 3, 12.25, 4.25 ], "texture": "#side" },
        "east":  { "uv": [ 3.75, 3, 4, 4.25 ], "texture": "#side" }
    }
},
{
    "__comment": "b",
    "from": [ 12.25, 11.75, 13 ],
    "to": [ 16, 13, 14 ],
    "faces": {
        "down":  { "uv": [ 3.75, 14, 0, 13 ], "texture": "#bottom" },
        "up":    { "uv": [ 12.25, 13, 16, 14 ], "texture": "#top" },
        "north": { "uv": [ 0, 3, 3.75, 4.25 ], "texture": "#side" },
        "south": { "uv": [ 12.25, 3, 16, 4.25 ], "texture": "#side" },
        "west":  { "uv": [ 13, 3, 14, 4.25 ], "texture": "#side" },
        "east":  { "uv": [ 2, 3, 3, 4.25 ], "texture": "#side" }
    }
},
{
    "__comment": "b",
    "from": [ 13, 11.75, 12.25 ],
    "to": [ 16, 13, 12.5 ],
    "faces": {
        "down":  { "uv": [ 3, 12.5, 0, 12.25 ], "texture": "#bottom" },
        "up":    { "uv": [ 13, 12.25, 16, 12.5 ], "texture": "#top" },
        "north": { "uv": [ 0, 3, 3, 4.25 ], "texture": "#side" },
        "south": { "uv": [ 13, 3, 16, 4.25 ], "texture": "#side" },
        "west":  { "uv": [ 12.25, 3, 12.5, 4.25 ], "texture": "#side" },
        "east":  { "uv": [ 3.5, 3, 3.75, 4.25 ], "texture": "#side" }
    }
},
{
    "__comment": "b",
    "from": [ 12.5, 11.75, 12.5 ],
    "to": [ 16, 13, 13 ],
    "faces": {
        "down":  { "uv": [ 3.5, 13, 0, 12.5 ], "texture": "#bottom" },
        "up":    { "uv": [ 12.5, 12.5, 16, 13 ], "texture": "#top" },
        "north": { "uv": [ 0, 3, 3.5, 4.25 ], "texture": "#side" },
        "south": { "uv": [ 12.5, 3, 16, 4.25 ], "texture": "#side" },
        "west":  { "uv": [ 12.5, 3, 13, 4.25 ], "texture": "#side" },
        "east":  { "uv": [ 3, 3, 3.5, 4.25 ], "texture": "#side" }
    }
},
{
    "__comment": "b1*",
    "from": [ 1.25, 8, 2 ],
    "to": [ 1.5, 8.5, 2.5 ],
    "faces": {
        "down":  { "uv": [ 14.75, 2.5, 14.5, 2 ], "texture": "#bottom" },
        "up":    { "uv": [ 1.25, 2, 1.5, 2.5 ], "texture": "#top" },
        "north": { "uv": [ 14.5, 7.5, 14.75, 8 ], "texture": "#side" },
        "south": { "uv": [ 1.25, 7.5, 1.5, 8 ], "texture": "#side" },
        "west":  { "uv": [ 2, 7.5, 2.5, 8 ], "texture": "#side" },
        "east":  { "uv": [ 13.5, 7.5, 14, 8 ], "texture": "#side" }
    }
},
{
    "__comment": "b1*",
    "from": [ 2.5, 8, 1 ],
    "to": [ 4, 8.5, 1.25 ],
    "faces": {
        "down":  { "uv": [ 13.5, 1.25, 12, 1 ], "texture": "#bottom" },
        "up":    { "uv": [ 2.5, 1, 4, 1.25 ], "texture": "#top" },
        "north": { "uv": [ 12, 7.5, 13.5, 8 ], "texture": "#side" },
        "south": { "uv": [ 2.5, 7.5, 4, 8 ], "texture": "#side" },
        "west":  { "uv": [ 1, 7.5, 1.25, 8 ], "texture": "#side" },
        "east":  { "uv": [ 14.75, 7.5, 15, 8 ], "texture": "#side" }
    }
},
{
    "__comment": "b8*",
    "from": [ 15.25, 13, 12 ],
    "to": [ 16, 14.5, 12.25 ],
    "faces": {
        "down":  { "uv": [ 0.75, 12.25, 0, 12 ], "texture": "#bottom" },
        "up":    { "uv": [ 15.25, 12, 16, 12.25 ], "texture": "#top" },
        "north": { "uv": [ 0, 1.5, 0.75, 3 ], "texture": "#side" },
        "south": { "uv": [ 15.25, 1.5, 16, 3 ], "texture": "#side" },
        "west":  { "uv": [ 12, 1.5, 12.25, 3 ], "texture": "#side" },
        "east":  { "uv": [ 3.75, 1.5, 4, 3 ], "texture": "#side" }
    }
},
{
    "__comment": "b8*",
    "from": [ 12.25, 13, 14.25 ],
    "to": [ 16, 14.5, 15.25 ],
    "faces": {
        "down":  { "uv": [ 3.75, 15.25, 0, 14.25 ], "texture": "#bottom" },
        "up":    { "uv": [ 12.25, 14.25, 16, 15.25 ], "texture": "#top" },
        "north": { "uv": [ 0, 1.5, 3.75, 3 ], "texture": "#side" },
        "south": { "uv": [ 12.25, 1.5, 16, 3 ], "texture": "#side" },
        "west":  { "uv": [ 14.25, 1.5, 15.25, 3 ], "texture": "#side" },
        "east":  { "uv": [ 0.75, 1.5, 1.75, 3 ], "texture": "#side" }
    }
},
{
    "__comment": "b8*",
    "from": [ 14.25, 13, 12.25 ],
    "to": [ 16, 14.5, 12.5 ],
    "faces": {
        "down":  { "uv": [ 1.75, 12.5, 0, 12.25 ], "texture": "#bottom" },
        "up":    { "uv": [ 14.25, 12.25, 16, 12.5 ], "texture": "#top" },
        "north": { "uv": [ 0, 1.5, 1.75, 3 ], "texture": "#side" },
        "south": { "uv": [ 14.25, 1.5, 16, 3 ], "texture": "#side" },
        "west":  { "uv": [ 12.25, 1.5, 12.5, 3 ], "texture": "#side" },
        "east":  { "uv": [ 3.5, 1.5, 3.75, 3 ], "texture": "#side" }
    }
},
{
    "__comment": "b8*",
    "from": [ 12.5, 13, 13.25 ],
    "to": [ 16, 14.5, 14.25 ],
    "faces": {
        "down":  { "uv": [ 3.5, 14.25, 0, 13.25 ], "texture": "#bottom" },
        "up":    { "uv": [ 12.5, 13.25, 16, 14.25 ], "texture": "#top" },
        "north": { "uv": [ 0, 1.5, 3.5, 3 ], "texture": "#side" },
        "south": { "uv": [ 12.5, 1.5, 16, 3 ], "texture": "#side" },
        "west":  { "uv": [ 13.25, 1.5, 14.25, 3 ], "texture": "#side" },
        "east":  { "uv": [ 1.75, 1.5, 2.75, 3 ], "texture": "#side" }
    }
},
{
    "__comment": "b8*",
    "from": [ 13.25, 13, 12.5 ],
    "to": [ 16, 14.5, 12.75 ],
    "faces": {
        "down":  { "uv": [ 2.75, 12.75, 0, 12.5 ], "texture": "#bottom" },
        "up":    { "uv": [ 13.25, 12.5, 16, 12.75 ], "texture": "#top" },
        "north": { "uv": [ 0, 1.5, 2.75, 3 ], "texture": "#side" },
        "south": { "uv": [ 13.25, 1.5, 16, 3 ], "texture": "#side" },
        "west":  { "uv": [ 12.5, 1.5, 12.75, 3 ], "texture": "#side" },
        "east":  { "uv": [ 3.25, 1.5, 3.5, 3 ], "texture": "#side" }
    }
},
{
    "__comment": "b8*",
    "from": [ 12.75, 13, 12.75 ],
    "to": [ 16, 14.5, 13.25 ],
    "faces": {
        "down":  { "uv": [ 3.25, 13.25, 0, 12.75 ], "texture": "#bottom" },
        "up":    { "uv": [ 12.75, 12.75, 16, 13.25 ], "texture": "#top" },
        "north": { "uv": [ 0, 1.5, 3.25, 3 ], "texture": "#side" },
        "south": { "uv": [ 12.75, 1.5, 16, 3 ], "texture": "#side" },
        "west":  { "uv": [ 12.75, 1.5, 13.25, 3 ], "texture": "#side" },
        "east":  { "uv": [ 2.75, 1.5, 3.25, 3 ], "texture": "#side" }
    }
},
{
    "__comment": "b",
    "from": [ 15.5, 14.5, 14 ],
    "to": [ 16, 16, 14.25 ],
    "faces": {
        "down":  { "uv": [ 0.5, 14.25, 0, 14 ], "texture": "#bottom" },
        "up":    { "uv": [ 15.5, 14, 16, 14.25 ], "texture": "#top" },
        "north": { "uv": [ 0, 0, 0.5, 1.5 ], "texture": "#side" },
        "south": { "uv": [ 15.5, 0, 16, 1.5 ], "texture": "#side" },
        "west":  { "uv": [ 14, 0, 14.25, 1.5 ], "texture": "#side" },
        "east":  { "uv": [ 1.75, 0, 2, 1.5 ], "texture": "#side" }
    }
},
{
    "__comment": "b",
    "from": [ 14.25, 14.5, 14.75 ],
    "to": [ 16, 16, 15.5 ],
    "faces": {
        "down":  { "uv": [ 1.75, 15.5, 0, 14.75 ], "texture": "#bottom" },
        "up":    { "uv": [ 14.25, 14.75, 16, 15.5 ], "texture": "#top" },
        "north": { "uv": [ 0, 0, 1.75, 1.5 ], "texture": "#side" },
        "south": { "uv": [ 14.25, 0, 16, 1.5 ], "texture": "#side" },
        "west":  { "uv": [ 14.75, 0, 15.5, 1.5 ], "texture": "#side" },
        "east":  { "uv": [ 0.5, 0, 1.25, 1.5 ], "texture": "#side" }
    }
},
{
    "__comment": "b",
    "from": [ 14.75, 14.5, 14.25 ],
    "to": [ 16, 16, 14.5 ],
    "faces": {
        "down":  { "uv": [ 1.25, 14.5, 0, 14.25 ], "texture": "#bottom" },
        "up":    { "uv": [ 14.75, 14.25, 16, 14.5 ], "texture": "#top" },
        "north": { "uv": [ 0, 0, 1.25, 1.5 ], "texture": "#side" },
        "south": { "uv": [ 14.75, 0, 16, 1.5 ], "texture": "#side" },
        "west":  { "uv": [ 14.25, 0, 14.5, 1.5 ], "texture": "#side" },
        "east":  { "uv": [ 1.5, 0, 1.75, 1.5 ], "texture": "#side" }
    }
},
{
    "__comment": "b",
    "from": [ 14.5, 14.5, 14.5 ],
    "to": [ 16, 16, 14.75 ],
    "faces": {
        "down":  { "uv": [ 1.5, 14.75, 0, 14.5 ], "texture": "#bottom" },
        "up":    { "uv": [ 14.5, 14.5, 16, 14.75 ], "texture": "#top" },
        "north": { "uv": [ 0, 0, 1.5, 1.5 ], "texture": "#side" },
        "south": { "uv": [ 14.5, 0, 16, 1.5 ], "texture": "#side" },
        "west":  { "uv": [ 14.5, 0, 14.75, 1.5 ], "texture": "#side" },
        "east":  { "uv": [ 1.25, 0, 1.5, 1.5 ], "texture": "#side" }
    }
},
{
    "__comment": "b1*",
    "from": [ 1.75, 8, 1.5 ],
    "to": [ 2, 8.5, 1.75 ],
    "faces": {
        "down":  { "uv": [ 14.25, 1.75, 14, 1.5 ], "texture": "#bottom" },
        "up":    { "uv": [ 1.75, 1.5, 2, 1.75 ], "texture": "#top" },
        "north": { "uv": [ 14, 7.5, 14.25, 8 ], "texture": "#side" },
        "south": { "uv": [ 1.75, 7.5, 2, 8 ], "texture": "#side" },
        "west":  { "uv": [ 1.5, 7.5, 1.75, 8 ], "texture": "#side" },
        "east":  { "uv": [ 14.25, 7.5, 14.5, 8 ], "texture": "#side" }
    }
}
]
}