{
"__comment": "Designed by Woliongames with BDcraft Cubik PRO 0.92 Beta - http://bdcraft.net",
"textures": {
    "particle": "blocks/flowerpot",
    "flowerpot": "blocks/flowerpot",
    "dirt": "blocks/farmland_wet",
    "plant": "blocks/fern"
},
"elements": [ 
{
    "__comment": "1",
    "from": [ 7, 4, 4.5 ],
    "to": [ 9, 6, 5 ],
    "faces": {
        "down":  { "uv": [ 9, 5, 7, 4.5 ], "texture": "#flowerpot" },
        "up":    { "uv": [ 7, 4.5, 9, 5 ], "texture": "#flowerpot" },
        "north": { "uv": [ 7, 10, 9, 12 ], "texture": "#flowerpot" },
        "south": { "uv": [ 7, 10, 9, 12 ], "texture": "#flowerpot" },
        "west":  { "uv": [ 4.5, 10, 5, 12 ], "texture": "#flowerpot" },
        "east":  { "uv": [ 11, 10, 11.5, 12 ], "texture": "#flowerpot" }
    }
},
{
    "__comment": "1",
    "from": [ 9, 4, 5 ],
    "to": [ 10, 6, 5.5 ],
    "faces": {
        "down":  { "uv": [ 7, 5.5, 6, 5 ], "texture": "#flowerpot" },
        "up":    { "uv": [ 9, 5, 10, 5.5 ], "texture": "#flowerpot" },
        "north": { "uv": [ 6, 10, 7, 12 ], "texture": "#flowerpot" },
        "south": { "uv": [ 9, 10, 10, 12 ], "texture": "#flowerpot" },
        "west":  { "uv": [ 5, 10, 5.5, 12 ], "texture": "#flowerpot" },
        "east":  { "uv": [ 10.5, 10, 11, 12 ], "texture": "#flowerpot" }
    }
},
{
    "__comment": "1",
    "from": [ 10, 4, 5.5 ],
    "to": [ 10.5, 6, 6 ],
    "faces": {
        "down":  { "uv": [ 6, 6, 5.5, 5.5 ], "texture": "#flowerpot" },
        "up":    { "uv": [ 10, 5.5, 10.5, 6 ], "texture": "#flowerpot" },
        "north": { "uv": [ 5.5, 10, 6, 12 ], "texture": "#flowerpot" },
        "south": { "uv": [ 10, 10, 10.5, 12 ], "texture": "#flowerpot" },
        "west":  { "uv": [ 5.5, 10, 6, 12 ], "texture": "#flowerpot" },
        "east":  { "uv": [ 10, 10, 10.5, 12 ], "texture": "#flowerpot" }
    }
},
{
    "__comment": "1",
    "from": [ 10.5, 4, 6 ],
    "to": [ 11, 6, 7 ],
    "faces": {
        "down":  { "uv": [ 5.5, 6.5, 5, 5.5 ], "texture": "#flowerpot" },
        "up":    { "uv": [ 10.5, 5.5, 11, 6.5 ], "texture": "#flowerpot" },
        "north": { "uv": [ 5, 10, 5.5, 12 ], "texture": "#flowerpot" },
        "south": { "uv": [ 10.5, 10, 11, 12 ], "texture": "#flowerpot" },
        "west":  { "uv": [ 6, 10, 7, 12 ], "texture": "#flowerpot" },
        "east":  { "uv": [ 9, 10, 10, 12 ], "texture": "#flowerpot" }
    }
},
{
    "__comment": "1",
    "from": [ 11, 4, 7 ],
    "to": [ 11.5, 6, 9 ],
    "faces": {
        "down":  { "uv": [ 5, 9, 4.5, 7 ], "texture": "#flowerpot" },
        "up":    { "uv": [ 11, 7, 11.5, 9 ], "texture": "#flowerpot" },
        "north": { "uv": [ 4.5, 10, 5, 12 ], "texture": "#flowerpot" },
        "south": { "uv": [ 11, 10, 11.5, 12 ], "texture": "#flowerpot" },
        "west":  { "uv": [ 7, 10, 9, 12 ], "texture": "#flowerpot" },
        "east":  { "uv": [ 7, 10, 9, 12 ], "texture": "#flowerpot" }
    }
},
{
    "__comment": "1",
    "from": [ 10.5, 4, 9 ],
    "to": [ 11, 6, 10 ],
    "faces": {
        "down":  { "uv": [ 5.5, 10, 5, 9 ], "texture": "#flowerpot" },
        "up":    { "uv": [ 10.5, 9, 11, 10 ], "texture": "#flowerpot" },
        "north": { "uv": [ 5, 10, 5.5, 12 ], "texture": "#flowerpot" },
        "south": { "uv": [ 10.5, 10, 11, 12 ], "texture": "#flowerpot" },
        "west":  { "uv": [ 9, 10, 10, 12 ], "texture": "#flowerpot" },
        "east":  { "uv": [ 6, 10, 7, 12 ], "texture": "#flowerpot" }
    }
},
{
    "__comment": "1",
    "from": [ 10, 4, 10 ],
    "to": [ 10.5, 6, 10.5 ],
    "faces": {
        "down":  { "uv": [ 6, 10.5, 5.5, 10 ], "texture": "#flowerpot" },
        "up":    { "uv": [ 10, 10, 10.5, 10.5 ], "texture": "#flowerpot" },
        "north": { "uv": [ 5.5, 10, 6, 12 ], "texture": "#flowerpot" },
        "south": { "uv": [ 10, 10, 10.5, 12 ], "texture": "#flowerpot" },
        "west":  { "uv": [ 10, 10, 10.5, 12 ], "texture": "#flowerpot" },
        "east":  { "uv": [ 5.5, 10, 6, 12 ], "texture": "#flowerpot" }
    }
},
{
    "__comment": "1",
    "from": [ 9, 4, 10.5 ],
    "to": [ 10, 6, 11 ],
    "faces": {
        "down":  { "uv": [ 7, 11, 6, 10.5 ], "texture": "#flowerpot" },
        "up":    { "uv": [ 9, 10.5, 10, 11 ], "texture": "#flowerpot" },
        "north": { "uv": [ 6, 10, 7, 12 ], "texture": "#flowerpot" },
        "south": { "uv": [ 9, 10, 10, 12 ], "texture": "#flowerpot" },
        "west":  { "uv": [ 10.5, 10, 11, 12 ], "texture": "#flowerpot" },
        "east":  { "uv": [ 5, 10, 5.5, 12 ], "texture": "#flowerpot" }
    }
},
{
    "__comment": "1",
    "from": [ 7, 4, 11 ],
    "to": [ 9, 6, 11.5 ],
    "faces": {
        "down":  { "uv": [ 9, 11.5, 7, 11 ], "texture": "#flowerpot" },
        "up":    { "uv": [ 7, 11, 9, 11.5 ], "texture": "#flowerpot" },
        "north": { "uv": [ 7, 10, 9, 12 ], "texture": "#flowerpot" },
        "south": { "uv": [ 7, 10, 9, 12 ], "texture": "#flowerpot" },
        "west":  { "uv": [ 11, 10, 11.5, 12 ], "texture": "#flowerpot" },
        "east":  { "uv": [ 4.5, 10, 5, 12 ], "texture": "#flowerpot" }
    }
},
{
    "__comment": "1",
    "from": [ 6, 4, 10.5 ],
    "to": [ 7, 6, 11 ],
    "faces": {
        "down":  { "uv": [ 10, 11, 9, 10.5 ], "texture": "#flowerpot" },
        "up":    { "uv": [ 6, 10.5, 7, 11 ], "texture": "#flowerpot" },
        "north": { "uv": [ 9, 10, 10, 12 ], "texture": "#flowerpot" },
        "south": { "uv": [ 6, 10, 7, 12 ], "texture": "#flowerpot" },
        "west":  { "uv": [ 10.5, 10, 11, 12 ], "texture": "#flowerpot" },
        "east":  { "uv": [ 5, 10, 5.5, 12 ], "texture": "#flowerpot" }
    }
},
{
    "__comment": "1",
    "from": [ 5.5, 4, 10 ],
    "to": [ 6, 6, 10.5 ],
    "faces": {
        "down":  { "uv": [ 10.5, 10.5, 10, 10 ], "texture": "#flowerpot" },
        "up":    { "uv": [ 5.5, 10, 6, 10.5 ], "texture": "#flowerpot" },
        "north": { "uv": [ 10, 10, 10.5, 12 ], "texture": "#flowerpot" },
        "south": { "uv": [ 5.5, 10, 6, 12 ], "texture": "#flowerpot" },
        "west":  { "uv": [ 10, 10, 10.5, 12 ], "texture": "#flowerpot" },
        "east":  { "uv": [ 5.5, 10, 6, 12 ], "texture": "#flowerpot" }
    }
},
{
    "__comment": "1",
    "from": [ 5, 4, 9 ],
    "to": [ 5.5, 6, 10 ],
    "faces": {
        "down":  { "uv": [ 11, 10, 10.5, 9 ], "texture": "#flowerpot" },
        "up":    { "uv": [ 5, 9, 5.5, 10 ], "texture": "#flowerpot" },
        "north": { "uv": [ 10.5, 10, 11, 12 ], "texture": "#flowerpot" },
        "south": { "uv": [ 5, 10, 5.5, 12 ], "texture": "#flowerpot" },
        "west":  { "uv": [ 9, 10, 10, 12 ], "texture": "#flowerpot" },
        "east":  { "uv": [ 6, 10, 7, 12 ], "texture": "#flowerpot" }
    }
},
{
    "__comment": "1",
    "from": [ 4.5, 4, 7 ],
    "to": [ 5, 6, 9 ],
    "faces": {
        "down":  { "uv": [ 11.5, 9, 11, 7 ], "texture": "#flowerpot" },
        "up":    { "uv": [ 4.5, 7, 5, 9 ], "texture": "#flowerpot" },
        "north": { "uv": [ 11, 10, 11.5, 12 ], "texture": "#flowerpot" },
        "south": { "uv": [ 4.5, 10, 5, 12 ], "texture": "#flowerpot" },
        "west":  { "uv": [ 7, 10, 9, 12 ], "texture": "#flowerpot" },
        "east":  { "uv": [ 7, 10, 9, 12 ], "texture": "#flowerpot" }
    }
},
{
    "__comment": "1",
    "from": [ 5, 4, 6 ],
    "to": [ 5.5, 6, 7 ],
    "faces": {
        "down":  { "uv": [ 11, 6.5, 10.5, 5.5 ], "texture": "#flowerpot" },
        "up":    { "uv": [ 5, 5.5, 5.5, 6.5 ], "texture": "#flowerpot" },
        "north": { "uv": [ 10.5, 10, 11, 12 ], "texture": "#flowerpot" },
        "south": { "uv": [ 5, 10, 5.5, 12 ], "texture": "#flowerpot" },
        "west":  { "uv": [ 6, 10, 7, 12 ], "texture": "#flowerpot" },
        "east":  { "uv": [ 9, 10, 10, 12 ], "texture": "#flowerpot" }
    }
},
{
    "__comment": "1",
    "from": [ 5.5, 4, 5.5 ],
    "to": [ 6, 6, 6 ],
    "faces": {
        "down":  { "uv": [ 10.5, 6, 10, 5.5 ], "texture": "#flowerpot" },
        "up":    { "uv": [ 5.5, 5.5, 6, 6 ], "texture": "#flowerpot" },
        "north": { "uv": [ 10, 10, 10.5, 12 ], "texture": "#flowerpot" },
        "south": { "uv": [ 5.5, 10, 6, 12 ], "texture": "#flowerpot" },
        "west":  { "uv": [ 5.5, 10, 6, 12 ], "texture": "#flowerpot" },
        "east":  { "uv": [ 10, 10, 10.5, 12 ], "texture": "#flowerpot" }
    }
},
{
    "__comment": "1",
    "from": [ 6, 4, 5 ],
    "to": [ 7, 6, 5.5 ],
    "faces": {
        "down":  { "uv": [ 10, 5.5, 9, 5 ], "texture": "#flowerpot" },
        "up":    { "uv": [ 6, 5, 7, 5.5 ], "texture": "#flowerpot" },
        "north": { "uv": [ 9, 10, 10, 12 ], "texture": "#flowerpot" },
        "south": { "uv": [ 6, 10, 7, 12 ], "texture": "#flowerpot" },
        "west":  { "uv": [ 5, 10, 5.5, 12 ], "texture": "#flowerpot" },
        "east":  { "uv": [ 10.5, 10, 11, 12 ], "texture": "#flowerpot" }
    }
},
{
    "__comment": "2",
    "from": [ 7.15, 2.35, 5.025 ],
    "to": [ 8.85, 4.05, 5.45 ],
    "faces": {
        "down":  { "uv": [ 8.85, 5.45, 7.15, 5.025 ], "texture": "#flowerpot" },
        "up":    { "uv": [ 7.15, 5.025, 8.85, 5.45 ], "texture": "#flowerpot" },
        "north": { "uv": [ 7.15, 11.95, 8.85, 13.65 ], "texture": "#flowerpot" },
        "south": { "uv": [ 7.15, 11.95, 8.85, 13.65 ], "texture": "#flowerpot" },
        "west":  { "uv": [ 5.025, 11.95, 5.45, 13.65 ], "texture": "#flowerpot" },
        "east":  { "uv": [ 10.55, 11.95, 10.975, 13.65 ], "texture": "#flowerpot" }
    }
},
{
    "__comment": "2",
    "from": [ 8.85, 2.35, 5.45 ],
    "to": [ 9.7, 4.05, 5.875 ],
    "faces": {
        "down":  { "uv": [ 7.15, 5.875, 6.3, 5.45 ], "texture": "#flowerpot" },
        "up":    { "uv": [ 8.85, 5.45, 9.7, 5.875 ], "texture": "#flowerpot" },
        "north": { "uv": [ 6.3, 11.95, 7.15, 13.65 ], "texture": "#flowerpot" },
        "south": { "uv": [ 8.85, 11.95, 9.7, 13.65 ], "texture": "#flowerpot" },
        "west":  { "uv": [ 5.45, 11.95, 5.875, 13.65 ], "texture": "#flowerpot" },
        "east":  { "uv": [ 10.125, 11.95, 10.55, 13.65 ], "texture": "#flowerpot" }
    }
},
{
    "__comment": "2",
    "from": [ 9.7, 2.35, 5.875 ],
    "to": [ 10.125, 4.05, 6.3 ],
    "faces": {
        "down":  { "uv": [ 6.3, 6.3, 5.875, 5.875 ], "texture": "#flowerpot" },
        "up":    { "uv": [ 9.7, 5.875, 10.125, 6.3 ], "texture": "#flowerpot" },
        "north": { "uv": [ 5.875, 11.95, 6.3, 13.65 ], "texture": "#flowerpot" },
        "south": { "uv": [ 9.7, 11.95, 10.125, 13.65 ], "texture": "#flowerpot" },
        "west":  { "uv": [ 5.875, 11.95, 6.3, 13.65 ], "texture": "#flowerpot" },
        "east":  { "uv": [ 9.7, 11.95, 10.125, 13.65 ], "texture": "#flowerpot" }
    }
},
{
    "__comment": "2",
    "from": [ 10.125, 2.35, 6.3 ],
    "to": [ 10.55, 4.05, 7.15 ],
    "faces": {
        "down":  { "uv": [ 5.875, 7.15, 5.45, 6.3 ], "texture": "#flowerpot" },
        "up":    { "uv": [ 10.125, 6.3, 10.55, 7.15 ], "texture": "#flowerpot" },
        "north": { "uv": [ 5.45, 11.95, 5.875, 13.65 ], "texture": "#flowerpot" },
        "south": { "uv": [ 10.125, 11.95, 10.55, 13.65 ], "texture": "#flowerpot" },
        "west":  { "uv": [ 6.3, 11.95, 7.15, 13.65 ], "texture": "#flowerpot" },
        "east":  { "uv": [ 8.85, 11.95, 9.7, 13.65 ], "texture": "#flowerpot" }
    }
},
{
    "__comment": "2",
    "from": [ 10.55, 2.35, 7.15 ],
    "to": [ 10.975, 4.05, 8.85 ],
    "faces": {
        "down":  { "uv": [ 5.45, 8.85, 5.025, 7.15 ], "texture": "#flowerpot" },
        "up":    { "uv": [ 10.55, 7.15, 10.975, 8.85 ], "texture": "#flowerpot" },
        "north": { "uv": [ 5.025, 11.95, 5.45, 13.65 ], "texture": "#flowerpot" },
        "south": { "uv": [ 10.55, 11.95, 10.975, 13.65 ], "texture": "#flowerpot" },
        "west":  { "uv": [ 7.15, 11.95, 8.85, 13.65 ], "texture": "#flowerpot" },
        "east":  { "uv": [ 7.15, 11.95, 8.85, 13.65 ], "texture": "#flowerpot" }
    }
},
{
    "__comment": "2",
    "from": [ 10.125, 2.35, 8.85 ],
    "to": [ 10.55, 4.05, 9.7 ],
    "faces": {
        "down":  { "uv": [ 5.875, 9.7, 5.45, 8.85 ], "texture": "#flowerpot" },
        "up":    { "uv": [ 10.125, 8.85, 10.55, 9.7 ], "texture": "#flowerpot" },
        "north": { "uv": [ 5.45, 11.95, 5.875, 13.65 ], "texture": "#flowerpot" },
        "south": { "uv": [ 10.125, 11.95, 10.55, 13.65 ], "texture": "#flowerpot" },
        "west":  { "uv": [ 8.85, 11.95, 9.7, 13.65 ], "texture": "#flowerpot" },
        "east":  { "uv": [ 6.3, 11.95, 7.15, 13.65 ], "texture": "#flowerpot" }
    }
},
{
    "__comment": "2",
    "from": [ 9.7, 2.35, 9.7 ],
    "to": [ 10.125, 4.05, 10.125 ],
    "faces": {
        "down":  { "uv": [ 6.3, 10.125, 5.875, 9.7 ], "texture": "#flowerpot" },
        "up":    { "uv": [ 9.7, 9.7, 10.125, 10.125 ], "texture": "#flowerpot" },
        "north": { "uv": [ 5.875, 11.95, 6.3, 13.65 ], "texture": "#flowerpot" },
        "south": { "uv": [ 9.7, 11.95, 10.125, 13.65 ], "texture": "#flowerpot" },
        "west":  { "uv": [ 9.7, 11.95, 10.125, 13.65 ], "texture": "#flowerpot" },
        "east":  { "uv": [ 5.875, 11.95, 6.3, 13.65 ], "texture": "#flowerpot" }
    }
},
{
    "__comment": "2",
    "from": [ 8.85, 2.35, 10.125 ],
    "to": [ 9.7, 4.05, 10.55 ],
    "faces": {
        "down":  { "uv": [ 7.15, 10.55, 6.3, 10.125 ], "texture": "#flowerpot" },
        "up":    { "uv": [ 8.85, 10.125, 9.7, 10.55 ], "texture": "#flowerpot" },
        "north": { "uv": [ 6.3, 11.95, 7.15, 13.65 ], "texture": "#flowerpot" },
        "south": { "uv": [ 8.85, 11.95, 9.7, 13.65 ], "texture": "#flowerpot" },
        "west":  { "uv": [ 10.125, 11.95, 10.55, 13.65 ], "texture": "#flowerpot" },
        "east":  { "uv": [ 5.45, 11.95, 5.875, 13.65 ], "texture": "#flowerpot" }
    }
},
{
    "__comment": "2",
    "from": [ 7.15, 2.35, 10.55 ],
    "to": [ 8.85, 4.05, 10.975 ],
    "faces": {
        "down":  { "uv": [ 8.85, 10.975, 7.15, 10.55 ], "texture": "#flowerpot" },
        "up":    { "uv": [ 7.15, 10.55, 8.85, 10.975 ], "texture": "#flowerpot" },
        "north": { "uv": [ 7.15, 11.95, 8.85, 13.65 ], "texture": "#flowerpot" },
        "south": { "uv": [ 7.15, 11.95, 8.85, 13.65 ], "texture": "#flowerpot" },
        "west":  { "uv": [ 10.55, 11.95, 10.975, 13.65 ], "texture": "#flowerpot" },
        "east":  { "uv": [ 5.025, 11.95, 5.45, 13.65 ], "texture": "#flowerpot" }
    }
},
{
    "__comment": "2",
    "from": [ 6.3, 2.35, 10.125 ],
    "to": [ 7.15, 4.05, 10.55 ],
    "faces": {
        "down":  { "uv": [ 9.7, 10.55, 8.85, 10.125 ], "texture": "#flowerpot" },
        "up":    { "uv": [ 6.3, 10.125, 7.15, 10.55 ], "texture": "#flowerpot" },
        "north": { "uv": [ 8.85, 11.95, 9.7, 13.65 ], "texture": "#flowerpot" },
        "south": { "uv": [ 6.3, 11.95, 7.15, 13.65 ], "texture": "#flowerpot" },
        "west":  { "uv": [ 10.125, 11.95, 10.55, 13.65 ], "texture": "#flowerpot" },
        "east":  { "uv": [ 5.45, 11.95, 5.875, 13.65 ], "texture": "#flowerpot" }
    }
},
{
    "__comment": "2",
    "from": [ 5.875, 2.35, 9.7 ],
    "to": [ 6.3, 4.05, 10.125 ],
    "faces": {
        "down":  { "uv": [ 10.125, 10.125, 9.7, 9.7 ], "texture": "#flowerpot" },
        "up":    { "uv": [ 5.875, 9.7, 6.3, 10.125 ], "texture": "#flowerpot" },
        "north": { "uv": [ 9.7, 11.95, 10.125, 13.65 ], "texture": "#flowerpot" },
        "south": { "uv": [ 5.875, 11.95, 6.3, 13.65 ], "texture": "#flowerpot" },
        "west":  { "uv": [ 9.7, 11.95, 10.125, 13.65 ], "texture": "#flowerpot" },
        "east":  { "uv": [ 5.875, 11.95, 6.3, 13.65 ], "texture": "#flowerpot" }
    }
},
{
    "__comment": "2",
    "from": [ 5.45, 2.35, 8.85 ],
    "to": [ 5.875, 4.05, 9.7 ],
    "faces": {
        "down":  { "uv": [ 10.55, 9.7, 10.125, 8.85 ], "texture": "#flowerpot" },
        "up":    { "uv": [ 5.45, 8.85, 5.875, 9.7 ], "texture": "#flowerpot" },
        "north": { "uv": [ 10.125, 11.95, 10.55, 13.65 ], "texture": "#flowerpot" },
        "south": { "uv": [ 5.45, 11.95, 5.875, 13.65 ], "texture": "#flowerpot" },
        "west":  { "uv": [ 8.85, 11.95, 9.7, 13.65 ], "texture": "#flowerpot" },
        "east":  { "uv": [ 6.3, 11.95, 7.15, 13.65 ], "texture": "#flowerpot" }
    }
},
{
    "__comment": "2",
    "from": [ 5.025, 2.35, 7.15 ],
    "to": [ 5.45, 4.05, 8.85 ],
    "faces": {
        "down":  { "uv": [ 10.975, 8.85, 10.55, 7.15 ], "texture": "#flowerpot" },
        "up":    { "uv": [ 5.025, 7.15, 5.45, 8.85 ], "texture": "#flowerpot" },
        "north": { "uv": [ 10.55, 11.95, 10.975, 13.65 ], "texture": "#flowerpot" },
        "south": { "uv": [ 5.025, 11.95, 5.45, 13.65 ], "texture": "#flowerpot" },
        "west":  { "uv": [ 7.15, 11.95, 8.85, 13.65 ], "texture": "#flowerpot" },
        "east":  { "uv": [ 7.15, 11.95, 8.85, 13.65 ], "texture": "#flowerpot" }
    }
},
{
    "__comment": "2",
    "from": [ 5.45, 2.35, 6.3 ],
    "to": [ 5.875, 4.05, 7.15 ],
    "faces": {
        "down":  { "uv": [ 10.55, 7.15, 10.125, 6.3 ], "texture": "#flowerpot" },
        "up":    { "uv": [ 5.45, 6.3, 5.875, 7.15 ], "texture": "#flowerpot" },
        "north": { "uv": [ 10.125, 11.95, 10.55, 13.65 ], "texture": "#flowerpot" },
        "south": { "uv": [ 5.45, 11.95, 5.875, 13.65 ], "texture": "#flowerpot" },
        "west":  { "uv": [ 6.3, 11.95, 7.15, 13.65 ], "texture": "#flowerpot" },
        "east":  { "uv": [ 8.85, 11.95, 9.7, 13.65 ], "texture": "#flowerpot" }
    }
},
{
    "__comment": "2",
    "from": [ 5.875, 2.35, 5.875 ],
    "to": [ 6.3, 4.05, 6.3 ],
    "faces": {
        "down":  { "uv": [ 10.125, 6.3, 9.7, 5.875 ], "texture": "#flowerpot" },
        "up":    { "uv": [ 5.875, 5.875, 6.3, 6.3 ], "texture": "#flowerpot" },
        "north": { "uv": [ 9.7, 11.95, 10.125, 13.65 ], "texture": "#flowerpot" },
        "south": { "uv": [ 5.875, 11.95, 6.3, 13.65 ], "texture": "#flowerpot" },
        "west":  { "uv": [ 5.875, 11.95, 6.3, 13.65 ], "texture": "#flowerpot" },
        "east":  { "uv": [ 9.7, 11.95, 10.125, 13.65 ], "texture": "#flowerpot" }
    }
},
{
    "__comment": "2",
    "from": [ 6.3, 2.35, 5.45 ],
    "to": [ 7.15, 4.05, 5.875 ],
    "faces": {
        "down":  { "uv": [ 9.7, 5.875, 8.85, 5.45 ], "texture": "#flowerpot" },
        "up":    { "uv": [ 6.3, 5.45, 7.15, 5.875 ], "texture": "#flowerpot" },
        "north": { "uv": [ 8.85, 11.95, 9.7, 13.65 ], "texture": "#flowerpot" },
        "south": { "uv": [ 6.3, 11.95, 7.15, 13.65 ], "texture": "#flowerpot" },
        "west":  { "uv": [ 5.45, 11.95, 5.875, 13.65 ], "texture": "#flowerpot" },
        "east":  { "uv": [ 10.125, 11.95, 10.55, 13.65 ], "texture": "#flowerpot" }
    }
},
{
    "__comment": "3",
    "from": [ 7.25, 1, 5.375 ],
    "to": [ 8.75, 2.5, 5.75 ],
    "faces": {
        "down":  { "uv": [ 8.75, 5.75, 7.25, 5.375 ], "texture": "#flowerpot" },
        "up":    { "uv": [ 7.25, 5.375, 8.75, 5.75 ], "texture": "#flowerpot" },
        "north": { "uv": [ 7.25, 13.5, 8.75, 15 ], "texture": "#flowerpot" },
        "south": { "uv": [ 7.25, 13.5, 8.75, 15 ], "texture": "#flowerpot" },
        "west":  { "uv": [ 5.375, 13.5, 5.75, 15 ], "texture": "#flowerpot" },
        "east":  { "uv": [ 10.25, 13.5, 10.625, 15 ], "texture": "#flowerpot" }
    }
},
{
    "__comment": "3",
    "from": [ 8.75, 1, 5.75 ],
    "to": [ 9.5, 2.5, 6.125 ],
    "faces": {
        "down":  { "uv": [ 7.25, 6.125, 6.5, 5.75 ], "texture": "#flowerpot" },
        "up":    { "uv": [ 8.75, 5.75, 9.5, 6.125 ], "texture": "#flowerpot" },
        "north": { "uv": [ 6.5, 13.5, 7.25, 15 ], "texture": "#flowerpot" },
        "south": { "uv": [ 8.75, 13.5, 9.5, 15 ], "texture": "#flowerpot" },
        "west":  { "uv": [ 5.75, 13.5, 6.125, 15 ], "texture": "#flowerpot" },
        "east":  { "uv": [ 9.875, 13.5, 10.25, 15 ], "texture": "#flowerpot" }
    }
},
{
    "__comment": "3",
    "from": [ 9.5, 1, 6.125 ],
    "to": [ 9.875, 2.5, 6.5 ],
    "faces": {
        "down":  { "uv": [ 6.5, 6.5, 6.125, 6.125 ], "texture": "#flowerpot" },
        "up":    { "uv": [ 9.5, 6.125, 9.875, 6.5 ], "texture": "#flowerpot" },
        "north": { "uv": [ 6.125, 13.5, 6.5, 15 ], "texture": "#flowerpot" },
        "south": { "uv": [ 9.5, 13.5, 9.875, 15 ], "texture": "#flowerpot" },
        "west":  { "uv": [ 6.125, 13.5, 6.5, 15 ], "texture": "#flowerpot" },
        "east":  { "uv": [ 9.5, 13.5, 9.875, 15 ], "texture": "#flowerpot" }
    }
},
{
    "__comment": "3",
    "from": [ 9.875, 1, 6.5 ],
    "to": [ 10.25, 2.5, 7.25 ],
    "faces": {
        "down":  { "uv": [ 6.125, 7.25, 5.75, 6.5 ], "texture": "#flowerpot" },
        "up":    { "uv": [ 9.875, 6.5, 10.25, 7.25 ], "texture": "#flowerpot" },
        "north": { "uv": [ 5.75, 13.5, 6.125, 15 ], "texture": "#flowerpot" },
        "south": { "uv": [ 9.875, 13.5, 10.25, 15 ], "texture": "#flowerpot" },
        "west":  { "uv": [ 6.5, 13.5, 7.25, 15 ], "texture": "#flowerpot" },
        "east":  { "uv": [ 8.75, 13.5, 9.5, 15 ], "texture": "#flowerpot" }
    }
},
{
    "__comment": "3",
    "from": [ 10.25, 1, 7.25 ],
    "to": [ 10.625, 2.5, 8.75 ],
    "faces": {
        "down":  { "uv": [ 5.75, 8.75, 5.375, 7.25 ], "texture": "#flowerpot" },
        "up":    { "uv": [ 10.25, 7.25, 10.625, 8.75 ], "texture": "#flowerpot" },
        "north": { "uv": [ 5.375, 13.5, 5.75, 15 ], "texture": "#flowerpot" },
        "south": { "uv": [ 10.25, 13.5, 10.625, 15 ], "texture": "#flowerpot" },
        "west":  { "uv": [ 7.25, 13.5, 8.75, 15 ], "texture": "#flowerpot" },
        "east":  { "uv": [ 7.25, 13.5, 8.75, 15 ], "texture": "#flowerpot" }
    }
},
{
    "__comment": "3",
    "from": [ 9.875, 1, 8.75 ],
    "to": [ 10.25, 2.5, 9.5 ],
    "faces": {
        "down":  { "uv": [ 6.125, 9.5, 5.75, 8.75 ], "texture": "#flowerpot" },
        "up":    { "uv": [ 9.875, 8.75, 10.25, 9.5 ], "texture": "#flowerpot" },
        "north": { "uv": [ 5.75, 13.5, 6.125, 15 ], "texture": "#flowerpot" },
        "south": { "uv": [ 9.875, 13.5, 10.25, 15 ], "texture": "#flowerpot" },
        "west":  { "uv": [ 8.75, 13.5, 9.5, 15 ], "texture": "#flowerpot" },
        "east":  { "uv": [ 6.5, 13.5, 7.25, 15 ], "texture": "#flowerpot" }
    }
},
{
    "__comment": "3",
    "from": [ 9.5, 1, 9.5 ],
    "to": [ 9.875, 2.5, 9.875 ],
    "faces": {
        "down":  { "uv": [ 6.5, 9.875, 6.125, 9.5 ], "texture": "#flowerpot" },
        "up":    { "uv": [ 9.5, 9.5, 9.875, 9.875 ], "texture": "#flowerpot" },
        "north": { "uv": [ 6.125, 13.5, 6.5, 15 ], "texture": "#flowerpot" },
        "south": { "uv": [ 9.5, 13.5, 9.875, 15 ], "texture": "#flowerpot" },
        "west":  { "uv": [ 9.5, 13.5, 9.875, 15 ], "texture": "#flowerpot" },
        "east":  { "uv": [ 6.125, 13.5, 6.5, 15 ], "texture": "#flowerpot" }
    }
},
{
    "__comment": "3",
    "from": [ 8.75, 1, 9.875 ],
    "to": [ 9.5, 2.5, 10.25 ],
    "faces": {
        "down":  { "uv": [ 7.25, 10.25, 6.5, 9.875 ], "texture": "#flowerpot" },
        "up":    { "uv": [ 8.75, 9.875, 9.5, 10.25 ], "texture": "#flowerpot" },
        "north": { "uv": [ 6.5, 13.5, 7.25, 15 ], "texture": "#flowerpot" },
        "south": { "uv": [ 8.75, 13.5, 9.5, 15 ], "texture": "#flowerpot" },
        "west":  { "uv": [ 9.875, 13.5, 10.25, 15 ], "texture": "#flowerpot" },
        "east":  { "uv": [ 5.75, 13.5, 6.125, 15 ], "texture": "#flowerpot" }
    }
},
{
    "__comment": "3",
    "from": [ 7.25, 1, 10.25 ],
    "to": [ 8.75, 2.5, 10.625 ],
    "faces": {
        "down":  { "uv": [ 8.75, 10.625, 7.25, 10.25 ], "texture": "#flowerpot" },
        "up":    { "uv": [ 7.25, 10.25, 8.75, 10.625 ], "texture": "#flowerpot" },
        "north": { "uv": [ 7.25, 13.5, 8.75, 15 ], "texture": "#flowerpot" },
        "south": { "uv": [ 7.25, 13.5, 8.75, 15 ], "texture": "#flowerpot" },
        "west":  { "uv": [ 10.25, 13.5, 10.625, 15 ], "texture": "#flowerpot" },
        "east":  { "uv": [ 5.375, 13.5, 5.75, 15 ], "texture": "#flowerpot" }
    }
},
{
    "__comment": "3",
    "from": [ 6.5, 1, 9.875 ],
    "to": [ 7.25, 2.5, 10.25 ],
    "faces": {
        "down":  { "uv": [ 9.5, 10.25, 8.75, 9.875 ], "texture": "#flowerpot" },
        "up":    { "uv": [ 6.5, 9.875, 7.25, 10.25 ], "texture": "#flowerpot" },
        "north": { "uv": [ 8.75, 13.5, 9.5, 15 ], "texture": "#flowerpot" },
        "south": { "uv": [ 6.5, 13.5, 7.25, 15 ], "texture": "#flowerpot" },
        "west":  { "uv": [ 9.875, 13.5, 10.25, 15 ], "texture": "#flowerpot" },
        "east":  { "uv": [ 5.75, 13.5, 6.125, 15 ], "texture": "#flowerpot" }
    }
},
{
    "__comment": "3",
    "from": [ 6.125, 1, 9.5 ],
    "to": [ 6.5, 2.5, 9.875 ],
    "faces": {
        "down":  { "uv": [ 9.875, 9.875, 9.5, 9.5 ], "texture": "#flowerpot" },
        "up":    { "uv": [ 6.125, 9.5, 6.5, 9.875 ], "texture": "#flowerpot" },
        "north": { "uv": [ 9.5, 13.5, 9.875, 15 ], "texture": "#flowerpot" },
        "south": { "uv": [ 6.125, 13.5, 6.5, 15 ], "texture": "#flowerpot" },
        "west":  { "uv": [ 9.5, 13.5, 9.875, 15 ], "texture": "#flowerpot" },
        "east":  { "uv": [ 6.125, 13.5, 6.5, 15 ], "texture": "#flowerpot" }
    }
},
{
    "__comment": "3",
    "from": [ 5.75, 1, 8.75 ],
    "to": [ 6.125, 2.5, 9.5 ],
    "faces": {
        "down":  { "uv": [ 10.25, 9.5, 9.875, 8.75 ], "texture": "#flowerpot" },
        "up":    { "uv": [ 5.75, 8.75, 6.125, 9.5 ], "texture": "#flowerpot" },
        "north": { "uv": [ 9.875, 13.5, 10.25, 15 ], "texture": "#flowerpot" },
        "south": { "uv": [ 5.75, 13.5, 6.125, 15 ], "texture": "#flowerpot" },
        "west":  { "uv": [ 8.75, 13.5, 9.5, 15 ], "texture": "#flowerpot" },
        "east":  { "uv": [ 6.5, 13.5, 7.25, 15 ], "texture": "#flowerpot" }
    }
},
{
    "__comment": "3",
    "from": [ 5.375, 1, 7.25 ],
    "to": [ 5.75, 2.5, 8.75 ],
    "faces": {
        "down":  { "uv": [ 10.625, 8.75, 10.25, 7.25 ], "texture": "#flowerpot" },
        "up":    { "uv": [ 5.375, 7.25, 5.75, 8.75 ], "texture": "#flowerpot" },
        "north": { "uv": [ 10.25, 13.5, 10.625, 15 ], "texture": "#flowerpot" },
        "south": { "uv": [ 5.375, 13.5, 5.75, 15 ], "texture": "#flowerpot" },
        "west":  { "uv": [ 7.25, 13.5, 8.75, 15 ], "texture": "#flowerpot" },
        "east":  { "uv": [ 7.25, 13.5, 8.75, 15 ], "texture": "#flowerpot" }
    }
},
{
    "__comment": "3",
    "from": [ 5.75, 1, 6.5 ],
    "to": [ 6.125, 2.5, 7.25 ],
    "faces": {
        "down":  { "uv": [ 10.25, 7.25, 9.875, 6.5 ], "texture": "#flowerpot" },
        "up":    { "uv": [ 5.75, 6.5, 6.125, 7.25 ], "texture": "#flowerpot" },
        "north": { "uv": [ 9.875, 13.5, 10.25, 15 ], "texture": "#flowerpot" },
        "south": { "uv": [ 5.75, 13.5, 6.125, 15 ], "texture": "#flowerpot" },
        "west":  { "uv": [ 6.5, 13.5, 7.25, 15 ], "texture": "#flowerpot" },
        "east":  { "uv": [ 8.75, 13.5, 9.5, 15 ], "texture": "#flowerpot" }
    }
},
{
    "__comment": "3",
    "from": [ 6.125, 1, 6.125 ],
    "to": [ 6.5, 2.5, 6.5 ],
    "faces": {
        "down":  { "uv": [ 9.875, 6.5, 9.5, 6.125 ], "texture": "#flowerpot" },
        "up":    { "uv": [ 6.125, 6.125, 6.5, 6.5 ], "texture": "#flowerpot" },
        "north": { "uv": [ 9.5, 13.5, 9.875, 15 ], "texture": "#flowerpot" },
        "south": { "uv": [ 6.125, 13.5, 6.5, 15 ], "texture": "#flowerpot" },
        "west":  { "uv": [ 6.125, 13.5, 6.5, 15 ], "texture": "#flowerpot" },
        "east":  { "uv": [ 9.5, 13.5, 9.875, 15 ], "texture": "#flowerpot" }
    }
},
{
    "__comment": "3",
    "from": [ 6.5, 1, 5.75 ],
    "to": [ 7.25, 2.5, 6.125 ],
    "faces": {
        "down":  { "uv": [ 9.5, 6.125, 8.75, 5.75 ], "texture": "#flowerpot" },
        "up":    { "uv": [ 6.5, 5.75, 7.25, 6.125 ], "texture": "#flowerpot" },
        "north": { "uv": [ 8.75, 13.5, 9.5, 15 ], "texture": "#flowerpot" },
        "south": { "uv": [ 6.5, 13.5, 7.25, 15 ], "texture": "#flowerpot" },
        "west":  { "uv": [ 5.75, 13.5, 6.125, 15 ], "texture": "#flowerpot" },
        "east":  { "uv": [ 9.875, 13.5, 10.25, 15 ], "texture": "#flowerpot" }
    }
},
{
    "__comment": "4",
    "from": [ 7.3125, 0, 5.6875 ],
    "to": [ 8.6875, 1.125, 10.1875 ],
    "faces": {
        "down":  { "uv": [ 8.6875, 10.1875, 7.3125, 5.6875 ], "texture": "#flowerpot" },
        "up":    { "uv": [ 7.3125, 5.6875, 8.6875, 10.1875 ], "texture": "#flowerpot" },
        "north": { "uv": [ 7.3125, 14.875, 8.6875, 16 ], "texture": "#flowerpot" },
        "south": { "uv": [ 7.3125, 14.875, 8.6875, 16 ], "texture": "#flowerpot" },
        "west":  { "uv": [ 5.6875, 14.875, 10.1875, 16 ], "texture": "#flowerpot" },
        "east":  { "uv": [ 5.8125, 14.875, 10.3125, 16 ], "texture": "#flowerpot" }
    }
},
{
    "__comment": "4",
    "from": [ 8.625, 0, 6 ],
    "to": [ 9.25, 1.125, 9.875 ],
    "faces": {
        "down":  { "uv": [ 7.375, 9.875, 6.75, 6 ], "texture": "#flowerpot" },
        "up":    { "uv": [ 8.625, 6, 9.25, 9.875 ], "texture": "#flowerpot" },
        "north": { "uv": [ 6.75, 14.875, 7.375, 16 ], "texture": "#flowerpot" },
        "south": { "uv": [ 8.625, 14.875, 9.25, 16 ], "texture": "#flowerpot" },
        "west":  { "uv": [ 6, 14.875, 9.875, 16 ], "texture": "#flowerpot" },
        "east":  { "uv": [ 6.125, 14.875, 10, 16 ], "texture": "#flowerpot" }
    }
},
{
    "__comment": "4",
    "from": [ 9.25, 0, 6.375 ],
    "to": [ 9.625, 1.125, 9.5 ],
    "faces": {
        "down":  { "uv": [ 6.75, 9.5, 6.375, 6.375 ], "texture": "#flowerpot" },
        "up":    { "uv": [ 9.25, 6.375, 9.625, 9.5 ], "texture": "#flowerpot" },
        "north": { "uv": [ 6.375, 14.875, 6.75, 16 ], "texture": "#flowerpot" },
        "south": { "uv": [ 9.25, 14.875, 9.625, 16 ], "texture": "#flowerpot" },
        "west":  { "uv": [ 6.375, 14.875, 9.5, 16 ], "texture": "#flowerpot" },
        "east":  { "uv": [ 6.5, 14.875, 9.625, 16 ], "texture": "#flowerpot" }
    }
},
{
    "__comment": "4",
    "from": [ 9.625, 0, 6.6875 ],
    "to": [ 10, 1.125, 9.1875 ],
    "faces": {
        "down":  { "uv": [ 6.375, 9.1875, 6, 6.6875 ], "texture": "#flowerpot" },
        "up":    { "uv": [ 9.625, 6.6875, 10, 9.1875 ], "texture": "#flowerpot" },
        "north": { "uv": [ 6, 14.875, 6.375, 16 ], "texture": "#flowerpot" },
        "south": { "uv": [ 9.625, 14.875, 10, 16 ], "texture": "#flowerpot" },
        "west":  { "uv": [ 6.6875, 14.875, 9.1875, 16 ], "texture": "#flowerpot" },
        "east":  { "uv": [ 6.8125, 14.875, 9.3125, 16 ], "texture": "#flowerpot" }
    }
},
{
    "__comment": "4",
    "from": [ 9.95, 0, 7.35 ],
    "to": [ 10.275, 1.125, 8.65 ],
    "faces": {
        "down":  { "uv": [ 6.05, 8.65, 5.725, 7.35 ], "texture": "#flowerpot" },
        "up":    { "uv": [ 9.95, 7.35, 10.275, 8.65 ], "texture": "#flowerpot" },
        "north": { "uv": [ 5.725, 14.875, 6.05, 16 ], "texture": "#flowerpot" },
        "south": { "uv": [ 9.95, 14.875, 10.275, 16 ], "texture": "#flowerpot" },
        "west":  { "uv": [ 7.35, 14.875, 8.65, 16 ], "texture": "#flowerpot" },
        "east":  { "uv": [ 7.35, 14.875, 8.65, 16 ], "texture": "#flowerpot" }
    }
},
{
    "__comment": "4",
    "from": [ 5.725, 0, 7.35 ],
    "to": [ 6.05, 1.125, 8.65 ],
    "faces": {
        "down":  { "uv": [ 10.275, 8.65, 9.95, 7.35 ], "texture": "#flowerpot" },
        "up":    { "uv": [ 5.725, 7.35, 6.05, 8.65 ], "texture": "#flowerpot" },
        "north": { "uv": [ 9.95, 14.875, 10.275, 16 ], "texture": "#flowerpot" },
        "south": { "uv": [ 5.725, 14.875, 6.05, 16 ], "texture": "#flowerpot" },
        "west":  { "uv": [ 7.35, 14.875, 8.65, 16 ], "texture": "#flowerpot" },
        "east":  { "uv": [ 7.35, 14.875, 8.65, 16 ], "texture": "#flowerpot" }
    }
},
{
    "__comment": "4",
    "from": [ 6, 0, 6.6875 ],
    "to": [ 6.375, 1.125, 9.1875 ],
    "faces": {
        "down":  { "uv": [ 10, 9.1875, 9.625, 6.6875 ], "texture": "#flowerpot" },
        "up":    { "uv": [ 6, 6.6875, 6.375, 9.1875 ], "texture": "#flowerpot" },
        "north": { "uv": [ 9.625, 14.875, 10, 16 ], "texture": "#flowerpot" },
        "south": { "uv": [ 6, 14.875, 6.375, 16 ], "texture": "#flowerpot" },
        "west":  { "uv": [ 6.6875, 14.875, 9.1875, 16 ], "texture": "#flowerpot" },
        "east":  { "uv": [ 6.8125, 14.875, 9.3125, 16 ], "texture": "#flowerpot" }
    }
},
{
    "__comment": "4",
    "from": [ 6.375, 0, 6.375 ],
    "to": [ 6.75, 1.125, 9.5 ],
    "faces": {
        "down":  { "uv": [ 9.625, 9.5, 9.25, 6.375 ], "texture": "#flowerpot" },
        "up":    { "uv": [ 6.375, 6.375, 6.75, 9.5 ], "texture": "#flowerpot" },
        "north": { "uv": [ 9.25, 14.875, 9.625, 16 ], "texture": "#flowerpot" },
        "south": { "uv": [ 6.375, 14.875, 6.75, 16 ], "texture": "#flowerpot" },
        "west":  { "uv": [ 6.375, 14.875, 9.5, 16 ], "texture": "#flowerpot" },
        "east":  { "uv": [ 6.5, 14.875, 9.625, 16 ], "texture": "#flowerpot" }
    }
},
{
    "__comment": "4",
    "from": [ 6.6875, 0, 6 ],
    "to": [ 7.3125, 1.125, 9.875 ],
    "faces": {
        "down":  { "uv": [ 9.3125, 9.875, 8.6875, 6 ], "texture": "#flowerpot" },
        "up":    { "uv": [ 6.6875, 6, 7.3125, 9.875 ], "texture": "#flowerpot" },
        "north": { "uv": [ 8.6875, 14.875, 9.3125, 16 ], "texture": "#flowerpot" },
        "south": { "uv": [ 6.6875, 14.875, 7.3125, 16 ], "texture": "#flowerpot" },
        "west":  { "uv": [ 6, 14.875, 9.875, 16 ], "texture": "#flowerpot" },
        "east":  { "uv": [ 6.125, 14.875, 10, 16 ], "texture": "#flowerpot" }
    }
},
{
    "__comment": "dirt",
    "from": [ 7, 5.5, 5 ],
    "to": [ 9, 6, 11 ],
    "faces": {
        "down":  { "uv": [ 9, 11, 7, 5 ], "texture": "#dirt" },
        "up":    { "uv": [ 7, 5, 9, 11 ], "texture": "#dirt" },
        "north": { "uv": [ 7, 10, 9, 10.5 ], "texture": "#dirt" },
        "south": { "uv": [ 7, 10, 9, 10.5 ], "texture": "#dirt" },
        "west":  { "uv": [ 5, 10, 11, 10.5 ], "texture": "#dirt" },
        "east":  { "uv": [ 5, 10, 11, 10.5 ], "texture": "#dirt" }
    }
},
{
    "__comment": "dirt",
    "from": [ 9, 5.5, 5.5 ],
    "to": [ 10, 6, 10.5 ],
    "faces": {
        "down":  { "uv": [ 7, 10.5, 6, 5.5 ], "texture": "#dirt" },
        "up":    { "uv": [ 9, 5.5, 10, 10.5 ], "texture": "#dirt" },
        "north": { "uv": [ 6, 10, 7, 10.5 ], "texture": "#dirt" },
        "south": { "uv": [ 9, 10, 10, 10.5 ], "texture": "#dirt" },
        "west":  { "uv": [ 5.5, 10, 10.5, 10.5 ], "texture": "#dirt" },
        "east":  { "uv": [ 5.5, 10, 10.5, 10.5 ], "texture": "#dirt" }
    }
},
{
    "__comment": "dirt",
    "from": [ 6, 5.5, 5.5 ],
    "to": [ 7, 6, 10.5 ],
    "faces": {
        "down":  { "uv": [ 10, 10.5, 9, 5.5 ], "texture": "#dirt" },
        "up":    { "uv": [ 6, 5.5, 7, 10.5 ], "texture": "#dirt" },
        "north": { "uv": [ 9, 10, 10, 10.5 ], "texture": "#dirt" },
        "south": { "uv": [ 6, 10, 7, 10.5 ], "texture": "#dirt" },
        "west":  { "uv": [ 5.5, 10, 10.5, 10.5 ], "texture": "#dirt" },
        "east":  { "uv": [ 5.5, 10, 10.5, 10.5 ], "texture": "#dirt" }
    }
},
{
    "__comment": "dirt",
    "from": [ 10, 5.5, 6 ],
    "to": [ 10.5, 6, 10 ],
    "faces": {
        "down":  { "uv": [ 6, 10, 5.5, 6 ], "texture": "#dirt" },
        "up":    { "uv": [ 10, 6, 10.5, 10 ], "texture": "#dirt" },
        "north": { "uv": [ 5.5, 10, 6, 10.5 ], "texture": "#dirt" },
        "south": { "uv": [ 10, 10, 10.5, 10.5 ], "texture": "#dirt" },
        "west":  { "uv": [ 6, 10, 10, 10.5 ], "texture": "#dirt" },
        "east":  { "uv": [ 6, 10, 10, 10.5 ], "texture": "#dirt" }
    }
},
{
    "__comment": "dirt",
    "from": [ 5.5, 5.5, 6 ],
    "to": [ 6, 6, 10 ],
    "faces": {
        "down":  { "uv": [ 10.5, 10, 10, 6 ], "texture": "#dirt" },
        "up":    { "uv": [ 5.5, 6, 6, 10 ], "texture": "#dirt" },
        "north": { "uv": [ 10, 10, 10.5, 10.5 ], "texture": "#dirt" },
        "south": { "uv": [ 5.5, 10, 6, 10.5 ], "texture": "#dirt" },
        "west":  { "uv": [ 6, 10, 10, 10.5 ], "texture": "#dirt" },
        "east":  { "uv": [ 6, 10, 10, 10.5 ], "texture": "#dirt" }
    }
},
{
    "__comment": "dirt",
    "from": [ 10.5, 5.5, 7 ],
    "to": [ 11, 6, 9 ],
    "faces": {
        "down":  { "uv": [ 5.5, 9, 5, 7 ], "texture": "#dirt" },
        "up":    { "uv": [ 10.5, 7, 11, 9 ], "texture": "#dirt" },
        "north": { "uv": [ 5, 10, 5.5, 10.5 ], "texture": "#dirt" },
        "south": { "uv": [ 10.5, 10, 11, 10.5 ], "texture": "#dirt" },
        "west":  { "uv": [ 7, 10, 9, 10.5 ], "texture": "#dirt" },
        "east":  { "uv": [ 7, 10, 9, 10.5 ], "texture": "#dirt" }
    }
},
{
    "__comment": "dirt",
    "from": [ 5, 5.5, 7 ],
    "to": [ 5.5, 6, 9 ],
    "faces": {
        "down":  { "uv": [ 11, 9, 10.5, 7 ], "texture": "#dirt" },
        "up":    { "uv": [ 5, 7, 5.5, 9 ], "texture": "#dirt" },
        "north": { "uv": [ 10.5, 10, 11, 10.5 ], "texture": "#dirt" },
        "south": { "uv": [ 5, 10, 5.5, 10.5 ], "texture": "#dirt" },
        "west":  { "uv": [ 7, 10, 9, 10.5 ], "texture": "#dirt" },
        "east":  { "uv": [ 7, 10, 9, 10.5 ], "texture": "#dirt" }
    }
},
{
    "from": [ 13.6875, 6, 2.3125 ],
    "to": [ 13.75, 16, 18.3125 ],
    "rotation": { "origin": [ 13.6875, 6, 2.3125 ], "axis": "y", "angle": -45 },
    "faces": {
        "west":  { "uv": [ 0, 0, 16, 14 ], "texture": "#plant" },
        "east":  { "uv": [ 0, 0, 16, 14 ], "texture": "#plant" }
    }
},
{
    "from": [ 2.3125, 6, 2.3125 ],
    "to": [ 18.3125, 16, 2.375 ],
    "rotation": { "origin": [ 2.3125, 6, 2.3125 ], "axis": "y", "angle": -45 },
    "faces": {
        "north": { "uv": [ 0, 0, 16, 14 ], "texture": "#plant" },
        "south": { "uv": [ 0, 0, 16, 14 ], "texture": "#plant" }
    }
}
]
}