{
"__comment": "Designed by Woliongames with BDcraft Cubik PRO 0.92 Beta - http://bdcraft.net",
"textures": {
    "particle": "blocks/dropper_front_horizontal",
    "front": "blocks/furnace_front_off",
    "side": "blocks/furnace_side",
    "top": "blocks/furnace_top"
},
"elements": [ 
{
    "__comment": "inner",
    "from": [ 1, 1, 1 ],
    "to": [ 15, 15, 15 ],
    "faces": {
        "down":  { "uv": [ 15, 15, 1, 1 ], "texture": "#top" },
        "up":    { "uv": [ 1, 1, 15, 15 ], "texture": "#top" },
        "north": { "uv": [ 1, 1, 15, 15 ], "texture": "#front" },
        "south": { "uv": [ 1, 1, 15, 15 ], "texture": "#side" },
        "west":  { "uv": [ 1, 1, 15, 15 ], "texture": "#side" },
        "east":  { "uv": [ 1, 1, 15, 15 ], "texture": "#side" }
    }
},
{
    "__comment": "frame",
    "from": [ 0, 15, 0 ],
    "to": [ 16, 16, 1 ],
    "faces": {
        "down":  { "uv": [ 16, 1, 0, 0 ], "texture": "#side" },
        "up":    { "uv": [ 0, 0, 16, 1 ], "texture": "#top", "cullface": "up" },
        "north": { "uv": [ 0, 0, 16, 1 ], "texture": "#front", "cullface": "north" },
        "south": { "uv": [ 0, 0, 16, 1 ], "texture": "#side" },
        "west":  { "uv": [ 0, 0, 1, 1 ], "texture": "#side", "cullface": "west" },
        "east":  { "uv": [ 15, 0, 16, 1 ], "texture": "#side", "cullface": "east" }
    }
},
{
    "__comment": "frame",
    "from": [ 0, 15, 15 ],
    "to": [ 16, 16, 16 ],
    "faces": {
        "down":  { "uv": [ 16, 16, 0, 15 ], "texture": "#top" },
        "up":    { "uv": [ 0, 15, 16, 16 ], "texture": "#top", "cullface": "up" },
        "north": { "uv": [ 0, 0, 16, 1 ], "texture": "#front" },
        "south": { "uv": [ 0, 0, 16, 1 ], "texture": "#side", "cullface": "south" },
        "west":  { "uv": [ 15, 0, 16, 1 ], "texture": "#side", "cullface": "west" },
        "east":  { "uv": [ 0, 0, 1, 1 ], "texture": "#side", "cullface": "east" }
    }
},
{
    "__comment": "frame",
    "from": [ 0, 0, 0 ],
    "to": [ 16, 1, 1 ],
    "faces": {
        "down":  { "uv": [ 16, 1, 0, 0 ], "texture": "#side", "cullface": "down" },
        "up":    { "uv": [ 0, 0, 16, 1 ], "texture": "#side" },
        "north": { "uv": [ 0, 15, 16, 16 ], "texture": "#front", "cullface": "north" },
        "south": { "uv": [ 0, 15, 16, 16 ], "texture": "#side" },
        "west":  { "uv": [ 0, 15, 1, 16 ], "texture": "#side", "cullface": "west" },
        "east":  { "uv": [ 15, 15, 16, 16 ], "texture": "#side", "cullface": "east" }
    }
},
{
    "__comment": "frame",
    "from": [ 0, 0, 15 ],
    "to": [ 16, 1, 16 ],
    "faces": {
        "down":  { "uv": [ 16, 16, 0, 15 ], "texture": "#top", "cullface": "down" },
        "up":    { "uv": [ 0, 15, 16, 16 ], "texture": "#top" },
        "north": { "uv": [ 0, 15, 16, 16 ], "texture": "#front" },
        "south": { "uv": [ 0, 15, 16, 16 ], "texture": "#side", "cullface": "south" },
        "west":  { "uv": [ 15, 15, 16, 16 ], "texture": "#side", "cullface": "west" },
        "east":  { "uv": [ 0, 15, 1, 16 ], "texture": "#side", "cullface": "east" }
    }
},
{
    "__comment": "frame*",
    "from": [ 1, 7.5, 15 ],
    "to": [ 15, 9.25, 16 ],
    "faces": {
        "down":  { "uv": [ 15, 16, 1, 15 ], "texture": "#top" },
        "up":    { "uv": [ 1, 15, 15, 16 ], "texture": "#top" },
        "south": { "uv": [ 1, 6.75, 15, 8.5 ], "texture": "#side", "cullface": "south" }
    }
},
{
    "__comment": "frame*",
    "from": [ 15, 15, 1 ],
    "to": [ 16, 16, 15 ],
    "faces": {
        "down":  { "uv": [ 1, 15, 0, 1 ], "texture": "#top" },
        "up":    { "uv": [ 15, 1, 16, 15 ], "texture": "#top", "cullface": "up" },
        "west":  { "uv": [ 1, 0, 15, 1 ], "texture": "#side" },
        "east":  { "uv": [ 1, 0, 15, 1 ], "texture": "#side", "cullface": "east" }
    }
},
{
    "__comment": "frame*",
    "from": [ 0, 15, 0 ],
    "to": [ 16, 16, 1 ],
    "faces": {
        "down":  { "uv": [ 16, 1, 0, 0 ], "texture": "#top" },
        "up":    { "uv": [ 0, 0, 16, 1 ], "texture": "#top", "cullface": "up" },
        "north": { "uv": [ 0, 0, 16, 1 ], "texture": "#front", "cullface": "north" },
        "south": { "uv": [ 0, 0, 16, 1 ], "texture": "#side" },
        "west":  { "uv": [ 0, 0, 1, 1 ], "texture": "#side", "cullface": "west" },
        "east":  { "uv": [ 15, 0, 16, 1 ], "texture": "#side", "cullface": "east" }
    }
},
{
    "__comment": "frame*",
    "from": [ 0, 15, 1 ],
    "to": [ 1, 16, 15 ],
    "faces": {
        "down":  { "uv": [ 16, 15, 15, 1 ], "texture": "#top" },
        "up":    { "uv": [ 0, 1, 1, 15 ], "texture": "#top", "cullface": "up" },
        "west":  { "uv": [ 1, 0, 15, 1 ], "texture": "#side", "cullface": "west" },
        "east":  { "uv": [ 1, 0, 15, 1 ], "texture": "#side" }
    }
},
{
    "__comment": "frame*",
    "from": [ 0, 0, 1 ],
    "to": [ 1, 1, 15 ],
    "faces": {
        "down":  { "uv": [ 16, 15, 15, 1 ], "texture": "#top", "cullface": "down" },
        "up":    { "uv": [ 0, 1, 1, 15 ], "texture": "#top" },
        "west":  { "uv": [ 1, 15, 15, 16 ], "texture": "#side", "cullface": "west" },
        "east":  { "uv": [ 1, 15, 15, 16 ], "texture": "#side" }
    }
},
{
    "__comment": "frame*",
    "from": [ 15, 0, 1 ],
    "to": [ 16, 1, 15 ],
    "faces": {
        "down":  { "uv": [ 1, 15, 0, 1 ], "texture": "#top", "cullface": "down" },
        "up":    { "uv": [ 15, 1, 16, 15 ], "texture": "#top" },
        "west":  { "uv": [ 1, 15, 15, 16 ], "texture": "#side" },
        "east":  { "uv": [ 1, 15, 15, 16 ], "texture": "#side", "cullface": "east" }
    }
},
{
    "__comment": "framefront",
    "from": [ 1, 7.5, 0 ],
    "to": [ 15, 9.25, 1 ],
    "faces": {
        "down":  { "uv": [ 15, 1, 1, 0 ], "texture": "#side" },
        "up":    { "uv": [ 1, 0, 15, 1 ], "texture": "#side" },
        "north": { "uv": [ 1, 6.75, 15, 8.5 ], "texture": "#side", "cullface": "north" }
    }
},
{
    "__comment": "frame*",
    "from": [ 15, 7.5, 1 ],
    "to": [ 16, 9.25, 15 ],
    "faces": {
        "down":  { "uv": [ 1, 15, 0, 1 ], "texture": "#top" },
        "up":    { "uv": [ 15, 1, 16, 15 ], "texture": "#top" },
        "east":  { "uv": [ 1, 6.75, 15, 8.5 ], "texture": "#side", "cullface": "east" }
    }
},
{
    "__comment": "frame*",
    "from": [ 0, 7.5, 1 ],
    "to": [ 1, 9.25, 15 ],
    "faces": {
        "down":  { "uv": [ 16, 15, 15, 1 ], "texture": "#top" },
        "up":    { "uv": [ 0, 1, 1, 15 ], "texture": "#top" },
        "west":  { "uv": [ 1, 6.75, 15, 8.5 ], "texture": "#side", "cullface": "west" }
    }
},
{
    "__comment": "gitter",
    "from": [ 3.25, 14, 0.5 ],
    "to": [ 12.75, 14.5, 1 ],
    "faces": {
        "down":  { "uv": [ 12.75, 1, 3.25, 0.5 ], "texture": "#side" },
        "up":    { "uv": [ 3.25, 0.5, 12.75, 1 ], "texture": "#side" },
        "north": { "uv": [ 3.25, 1.5, 12.75, 2 ], "texture": "#front" },
        "west":  { "uv": [ 0.5, 1.5, 1, 2 ], "texture": "#side" },
        "east":  { "uv": [ 15, 1.5, 15.5, 2 ], "texture": "#side" }
    }
},
{
    "__comment": "gitter*",
    "from": [ 3.25, 9.75, 0.5 ],
    "to": [ 12.75, 10.25, 1 ],
    "faces": {
        "down":  { "uv": [ 12.75, 1, 3.25, 0.5 ], "texture": "#side" },
        "up":    { "uv": [ 3.25, 0.5, 12.75, 1 ], "texture": "#side" },
        "north": { "uv": [ 3.25, 5.75, 12.75, 6.25 ], "texture": "#front" },
        "west":  { "uv": [ 0.5, 5.75, 1, 6.25 ], "texture": "#side" },
        "east":  { "uv": [ 15, 5.75, 15.5, 6.25 ], "texture": "#side" }
    }
},
{
    "__comment": "gitter*",
    "from": [ 3.25, 10.25, 0.5 ],
    "to": [ 3.75, 14, 1 ],
    "faces": {
        "north": { "uv": [ 12.25, 2, 12.75, 5.75 ], "texture": "#front" },
        "west":  { "uv": [ 0.5, 2, 1, 5.75 ], "texture": "#side" },
        "east":  { "uv": [ 15, 2, 15.5, 5.75 ], "texture": "#side" }
    }
},
{
    "__comment": "gitter*",
    "from": [ 12.25, 10.25, 0.5 ],
    "to": [ 12.75, 14, 1 ],
    "faces": {
        "north": { "uv": [ 3.25, 2, 3.75, 5.75 ], "texture": "#front" },
        "west":  { "uv": [ 0.5, 2, 1, 5.75 ], "texture": "#side" },
        "east":  { "uv": [ 15, 2, 15.5, 5.75 ], "texture": "#side" }
    }
},
{
    "__comment": "gitter*",
    "from": [ 10.5, 2.25, 0.75 ],
    "to": [ 10.75, 6.75, 1 ],
    "faces": {
        "down":  { "uv": [ 5.5, 1, 5.25, 0.75 ], "texture": "#top" },
        "north": { "uv": [ 5.25, 9.25, 5.5, 13.75 ], "texture": "#front" },
        "west":  { "uv": [ 0.75, 9.25, 1, 13.75 ], "texture": "#top" },
        "east":  { "uv": [ 15, 9.25, 15.25, 13.75 ], "texture": "#top" }
    }
},
{
    "__comment": "gitter*",
    "from": [ 9.25, 1.5, 0.75 ],
    "to": [ 9.5, 7.25, 1 ],
    "faces": {
        "down":  { "uv": [ 6.75, 1, 6.5, 0.75 ], "texture": "#top" },
        "up":    { "uv": [ 9.25, 0.75, 9.5, 1 ], "texture": "#top" },
        "north": { "uv": [ 6.5, 8.75, 6.75, 14.5 ], "texture": "#front" },
        "west":  { "uv": [ 0.75, 8.75, 1, 14.5 ], "texture": "#top" },
        "east":  { "uv": [ 15, 8.75, 15.25, 14.5 ], "texture": "#top" }
    }
},
{
    "__comment": "gitter*",
    "from": [ 6.5, 1.5, 0.75 ],
    "to": [ 6.75, 7.25, 1 ],
    "faces": {
        "down":  { "uv": [ 9.5, 1, 9.25, 0.75 ], "texture": "#top" },
        "up":    { "uv": [ 6.5, 0.75, 6.75, 1 ], "texture": "#top" },
        "north": { "uv": [ 9.25, 8.75, 9.5, 14.5 ], "texture": "#front" },
        "west":  { "uv": [ 0.75, 8.75, 1, 14.5 ], "texture": "#top" },
        "east":  { "uv": [ 15, 8.75, 15.25, 14.5 ], "texture": "#top" }
    }
},
{
    "__comment": "gitter*",
    "from": [ 5.25, 2.25, 0.75 ],
    "to": [ 5.5, 6.75, 1 ],
    "faces": {
        "down":  { "uv": [ 10.75, 1, 10.5, 0.75 ], "texture": "#top" },
        "north": { "uv": [ 10.5, 9.25, 10.75, 13.75 ], "texture": "#front" },
        "west":  { "uv": [ 0.75, 9.25, 1, 13.75 ], "texture": "#top" },
        "east":  { "uv": [ 15, 9.25, 15.25, 13.75 ], "texture": "#top" }
    }
},
{
    "__comment": "gitter*",
    "from": [ 7.75, 1.25, 0.75 ],
    "to": [ 8, 7.5, 1 ],
    "faces": {
        "down":  { "uv": [ 8.25, 1, 8, 0.75 ], "texture": "#top" },
        "north": { "uv": [ 8, 8.5, 8.25, 14.75 ], "texture": "#front" },
        "west":  { "uv": [ 0.75, 8.5, 1, 14.75 ], "texture": "#top" },
        "east":  { "uv": [ 15, 8.5, 15.25, 14.75 ], "texture": "#top" }
    }
},
{
    "__comment": "gitter*",
    "from": [ 5, 6.75, 0.75 ],
    "to": [ 11, 7, 1 ],
    "faces": {
        "down":  { "uv": [ 11, 1, 5, 0.75 ], "texture": "#top" },
        "up":    { "uv": [ 5, 0.75, 11, 1 ], "texture": "#top" },
        "north": { "uv": [ 5, 9, 11, 9.25 ], "texture": "#front" },
        "west":  { "uv": [ 0.75, 9, 1, 9.25 ], "texture": "#top" },
        "east":  { "uv": [ 15, 9, 15.25, 9.25 ], "texture": "#top" }
    }
},
{
    "__comment": "gitter*",
    "from": [ 5, 5.25, 0.75 ],
    "to": [ 11, 5.5, 1 ],
    "faces": {
        "down":  { "uv": [ 11, 1, 5, 0.75 ], "texture": "#top" },
        "up":    { "uv": [ 5, 0.75, 11, 1 ], "texture": "#top" },
        "north": { "uv": [ 5, 10.5, 11, 10.75 ], "texture": "#front" },
        "west":  { "uv": [ 0.75, 10.5, 1, 10.75 ], "texture": "#top" },
        "east":  { "uv": [ 15, 10.5, 15.25, 10.75 ], "texture": "#top" }
    }
},
{
    "__comment": "gitter*",
    "from": [ 5.5, 3.25, 0.75 ],
    "to": [ 10.5, 4.25, 1 ],
    "faces": {
        "down":  { "uv": [ 10.5, 1, 5.5, 0.75 ], "texture": "#top" },
        "up":    { "uv": [ 5.5, 0.75, 10.5, 1 ], "texture": "#top" },
        "north": { "uv": [ 5.5, 11.75, 10.5, 12.75 ], "texture": "#front" }
    }
},
{
    "__comment": "frame*",
    "from": [ 15, 1, 15 ],
    "to": [ 16, 15, 16 ],
    "faces": {
        "north": { "uv": [ 0, 1, 1, 15 ], "texture": "#front" },
        "south": { "uv": [ 15, 1, 16, 15 ], "texture": "#side", "cullface": "south" },
        "west":  { "uv": [ 15, 1, 16, 15 ], "texture": "#side" },
        "east":  { "uv": [ 0, 1, 1, 15 ], "texture": "#side", "cullface": "east" }
    }
},
{
    "__comment": "frame*",
    "from": [ 0, 1, 15 ],
    "to": [ 1, 15, 16 ],
    "faces": {
        "north": { "uv": [ 15, 1, 16, 15 ], "texture": "#front" },
        "south": { "uv": [ 0, 1, 1, 15 ], "texture": "#side", "cullface": "south" },
        "west":  { "uv": [ 15, 1, 16, 15 ], "texture": "#side", "cullface": "west" },
        "east":  { "uv": [ 0, 1, 1, 15 ], "texture": "#side" }
    }
},
{
    "__comment": "frame*",
    "from": [ 15, 1, 0 ],
    "to": [ 16, 15, 1 ],
    "faces": {
        "north": { "uv": [ 0, 1, 1, 15 ], "texture": "#front", "cullface": "north" },
        "south": { "uv": [ 15, 1, 16, 15 ], "texture": "#side" },
        "west":  { "uv": [ 0, 1, 1, 15 ], "texture": "#side" },
        "east":  { "uv": [ 15, 1, 16, 15 ], "texture": "#side", "cullface": "east" }
    }
},
{
    "__comment": "frame*",
    "from": [ 0, 1, 0 ],
    "to": [ 1, 15, 1 ],
    "faces": {
        "north": { "uv": [ 15, 1, 16, 15 ], "texture": "#front", "cullface": "north" },
        "south": { "uv": [ 0, 1, 1, 15 ], "texture": "#side" },
        "west":  { "uv": [ 0, 1, 1, 15 ], "texture": "#side", "cullface": "west" },
        "east":  { "uv": [ 15, 1, 16, 15 ], "texture": "#side" }
    }
}
]
}