{
"__comment": "Designed by Woliongames with BDcraft Cubik PRO 0.92 Beta - http://bdcraft.net",
"textures": {
    "particle": "blocks/hay_block_side",
    "side": "blocks/hay_block_side",
    "top": "blocks/hay_block_top"
},
"elements": [ 
{
    "from": [ 0, 0, 0 ],
    "to": [ 16, 16, 16 ],
    "faces": {
        "down":  { "uv": [ 16, 16, 0, 0 ], "texture": "#top", "cullface": "down" },
        "up":    { "uv": [ 0, 0, 16, 16 ], "texture": "#top", "cullface": "up" },
        "north": { "uv": [ 0, 0, 16, 16 ], "texture": "#side", "cullface": "north" },
        "south": { "uv": [ 0, 0, 16, 16 ], "texture": "#side", "cullface": "south" },
        "west":  { "uv": [ 0, 0, 16, 16 ], "texture": "#side", "cullface": "west" },
        "east":  { "uv": [ 0, 0, 16, 16 ], "texture": "#side", "cullface": "east" }
    }
},
{
    "from": [ 0, 11.25, 16 ],
    "to": [ 16, 11.75, 16.25 ],
    "faces": {
        "down":  { "uv": [ 0, 4.25, 16, 4.75 ], "texture": "#side", "cullface": "south" },
        "up":    { "uv": [ 0, 4.25, 16, 4.75 ], "texture": "#side", "cullface": "south" },
        "south": { "uv": [ 0, 4.25, 16, 4.75 ], "texture": "#side", "cullface": "south" },
        "west":  { "uv": [ 0, 4.25, 0.5, 4.75 ], "texture": "#side", "cullface": "south" },
        "east":  { "uv": [ 15.5, 4.25, 16, 4.75 ], "texture": "#side", "cullface": "south" }
    }
},
{
    "from": [ -0.25, 11.25, 0 ],
    "to": [ 0, 11.75, 16 ],
    "faces": {
        "down":  { "uv": [ 0, 4.25, 16, 4.75 ], "rotation": 90, "texture": "#side", "cullface": "west" },
        "up":    { "uv": [ 0, 4.25, 16, 4.75 ], "rotation": 90, "texture": "#side", "cullface": "west" },
        "north": { "uv": [ 0, 4.25, 0.5, 4.75 ], "texture": "#side", "cullface": "west" },
        "south": { "uv": [ 15.5, 4.25, 16, 4.75 ], "texture": "#side", "cullface": "west" },
        "west":  { "uv": [ 0, 4.25, 16, 4.75 ], "texture": "#side", "cullface": "west" }
    }
},
{
    "from": [ 0, 11.25, -0.25 ],
    "to": [ 16, 11.75, 0 ],
    "faces": {
        "down":  { "uv": [ 0, 4.25, 16, 4.75 ], "texture": "#side", "cullface": "north" },
        "up":    { "uv": [ 0, 4.25, 16, 4.75 ], "texture": "#side", "cullface": "north" },
        "north": { "uv": [ 0, 4.25, 16, 4.75 ], "texture": "#side", "cullface": "north" },
        "west":  { "uv": [ 0, 4.25, 0.5, 4.75 ], "texture": "#side", "cullface": "north" },
        "east":  { "uv": [ 15.5, 4.25, 16, 4.75 ], "texture": "#side", "cullface": "north" }
    }
},
{
    "from": [ 16, 11.25, 0 ],
    "to": [ 16.25, 11.75, 16 ],
    "faces": {
        "down":  { "uv": [ 0, 4.25, 16, 4.75 ], "rotation": 90, "texture": "#side", "cullface": "east" },
        "up":    { "uv": [ 0, 4.25, 16, 4.75 ], "rotation": 90, "texture": "#side", "cullface": "east" },
        "north": { "uv": [ 0, 4.25, 0.5, 4.75 ], "texture": "#side", "cullface": "east" },
        "south": { "uv": [ 15.5, 4.25, 16, 4.75 ], "texture": "#side", "cullface": "east" },
        "east":  { "uv": [ 0, 4.25, 16, 4.75 ], "texture": "#side", "cullface": "east" }
    }
},
{
    "from": [ 16, 4.125, 0 ],
    "to": [ 16.25, 4.625, 16 ],
    "faces": {
        "down":  { "uv": [ 0, 4.25, 16, 4.75 ], "rotation": 90, "texture": "#side", "cullface": "east" },
        "up":    { "uv": [ 0, 4.25, 16, 4.75 ], "rotation": 90, "texture": "#side", "cullface": "east" },
        "north": { "uv": [ 0, 4.25, 0.5, 4.75 ], "texture": "#side", "cullface": "east" },
        "south": { "uv": [ 15.5, 4.25, 16, 4.75 ], "texture": "#side", "cullface": "east" },
        "east":  { "uv": [ 0, 4.25, 16, 4.75 ], "texture": "#side", "cullface": "east" }
    }
},
{
    "from": [ -0.25, 4.125, 0 ],
    "to": [ 0, 4.625, 16 ],
    "faces": {
        "down":  { "uv": [ 0, 4.25, 16, 4.75 ], "rotation": 90, "texture": "#side", "cullface": "west" },
        "up":    { "uv": [ 0, 4.25, 16, 4.75 ], "rotation": 90, "texture": "#side", "cullface": "west" },
        "north": { "uv": [ 0, 4.25, 0.5, 4.75 ], "texture": "#side", "cullface": "west" },
        "south": { "uv": [ 15.5, 4.25, 16, 4.75 ], "texture": "#side", "cullface": "west" },
        "west":  { "uv": [ 0, 4.25, 16, 4.75 ], "texture": "#side", "cullface": "west" }
    }
},
{
    "from": [ 0, 4.125, 16 ],
    "to": [ 16, 4.625, 16.25 ],
    "faces": {
        "down":  { "uv": [ 0, 4.25, 16, 4.75 ], "texture": "#side", "cullface": "south" },
        "up":    { "uv": [ 0, 4.25, 16, 4.75 ], "texture": "#side", "cullface": "south" },
        "south": { "uv": [ 0, 4.25, 16, 4.75 ], "texture": "#side", "cullface": "south" },
        "west":  { "uv": [ 0, 4.25, 0.5, 4.75 ], "texture": "#side", "cullface": "south" },
        "east":  { "uv": [ 15.5, 4.25, 16, 4.75 ], "texture": "#side", "cullface": "south" }
    }
},
{
    "from": [ 0, 4.125, -0.25 ],
    "to": [ 16, 4.625, 0 ],
    "faces": {
        "down":  { "uv": [ 0, 4.25, 16, 4.75 ], "texture": "#side", "cullface": "north" },
        "up":    { "uv": [ 0, 4.25, 16, 4.75 ], "texture": "#side", "cullface": "north" },
        "north": { "uv": [ 0, 4.25, 16, 4.75 ], "texture": "#side", "cullface": "north" },
        "west":  { "uv": [ 0, 4.25, 0.5, 4.75 ], "texture": "#side", "cullface": "north" },
        "east":  { "uv": [ 15.5, 4.25, 16, 4.75 ], "texture": "#side", "cullface": "north" }
    }
}
]
}