{
"__comment": "Designed by Woliongames with BDcraft Cubik PRO 0.85 Beta - http://bdcraft.net",
"ambientocclusion": false,
"textures": {
    "particle": "blocks/planks_jungle",
    "texture": "blocks/planks_jungle"
},
"elements": [ 
{
    "from": [ 7.75, 3, 4 ],
    "to": [ 8.25, 9, 4.75 ],
    "faces": {
        "down":  { "uv": [ 7.75, 5, 8.25, 4.25 ], "texture": "#texture" },
        "up":    { "uv": [ 7.75, 4.25, 8.25, 5 ], "texture": "#texture" },
        "north": { "uv": [ 7.75, 7, 8.25, 13 ], "texture": "#texture" },
        "south": { "uv": [ 7.75, 7, 8.25, 13 ], "texture": "#texture" },
        "west":  { "uv": [ 4.25, 7, 5, 13 ], "texture": "#texture" },
        "east":  { "uv": [ 11, 7, 11.75, 13 ], "texture": "#texture" }
    }
},
{
    "from": [ 7.75, 3, 2.25 ],
    "to": [ 8.25, 9, 3 ],
    "faces": {
        "down":  { "uv": [ 7.75, 3, 8.25, 2.25 ], "texture": "#texture" },
        "up":    { "uv": [ 7.75, 2.25, 8.25, 3 ], "texture": "#texture" },
        "north": { "uv": [ 7.75, 7, 8.25, 13 ], "texture": "#texture" },
        "south": { "uv": [ 7.75, 7, 8.25, 13 ], "texture": "#texture" },
        "west":  { "uv": [ 2.25, 7, 3, 13 ], "texture": "#texture" },
        "east":  { "uv": [ 13, 7, 13.75, 13 ], "texture": "#texture" }
    }
},
{
    "from": [ 7.75, 3, 0.5 ],
    "to": [ 8.25, 9, 1.25 ],
    "faces": {
        "down":  { "uv": [ 7.75, 1, 8.25, 0.25 ], "texture": "#texture" },
        "up":    { "uv": [ 7.75, 0.25, 8.25, 1 ], "texture": "#texture" },
        "north": { "uv": [ 7.75, 7, 8.25, 13 ], "texture": "#texture" },
        "south": { "uv": [ 7.75, 7, 8.25, 13 ], "texture": "#texture" },
        "west":  { "uv": [ 0.25, 7, 1, 13 ], "texture": "#texture" },
        "east":  { "uv": [ 15, 7, 15.75, 13 ], "texture": "#texture" }
    }
},
{
    "from": [ 7.75, 1.5, 0 ],
    "to": [ 8.25, 3, 5.5 ],
    "faces": {
        "down":  { "uv": [ 7.75, 12.25, 8.75, 11.25 ], "rotation": 180, "texture": "#texture" },
        "up":    { "uv": [ 7.75, 11.25, 8.75, 12.25 ], "rotation": 180, "texture": "#texture" },
        "north": { "uv": [ 7.75, 0, 8.75, 1 ], "texture": "#texture" },
        "south": { "uv": [ 7.25, 0, 8.25, 1 ], "texture": "#texture" },
        "west":  { "uv": [ 3.75, 0, 4.75, 1 ], "texture": "#texture" },
        "east":  { "uv": [ 11.25, 0, 12.25, 1 ], "texture": "#texture" }
    }
},
{
    "from": [ 7.75, 9, 0 ],
    "to": [ 8.25, 10.5, 5.5 ],
    "faces": {
        "down":  { "uv": [ 7.75, 12.25, 8.75, 11.25 ], "rotation": 180, "texture": "#texture" },
        "up":    { "uv": [ 7.75, 11.25, 8.75, 12.25 ], "rotation": 180, "texture": "#texture" },
        "north": { "uv": [ 7.75, 0, 8.75, 1 ], "texture": "#texture" },
        "south": { "uv": [ 7.25, 0, 8.25, 1 ], "texture": "#texture" },
        "west":  { "uv": [ 3.75, 0, 4.75, 1 ], "texture": "#texture" },
        "east":  { "uv": [ 11.25, 0, 12.25, 1 ], "texture": "#texture" }
    }
},
{
    "from": [ 7.75, 1, 5.5 ],
    "to": [ 8.25, 11.25, 5.75 ],
    "faces": {
        "down":  { "uv": [ 7.75, 10.5, 8.25, 10.25 ], "rotation": 180, "texture": "#texture" },
        "up":    { "uv": [ 7.75, 10.25, 8.25, 10.5 ], "rotation": 180, "texture": "#texture" },
        "north": { "uv": [ 7.75, 4.75, 8.25, 15 ], "texture": "#texture" },
        "south": { "uv": [ 7.75, 4.75, 8.25, 15 ], "texture": "#texture" },
        "west":  { "uv": [ 5.5, 4.75, 5.75, 15 ], "texture": "#texture" },
        "east":  { "uv": [ 10.25, 4.75, 10.5, 15 ], "texture": "#texture" }
    }
},
{
    "from": [ 7.75, 1, 5.75 ],
    "to": [ 8.25, 11.75, 6 ],
    "faces": {
        "down":  { "uv": [ 7.75, 10.25, 8.25, 10 ], "rotation": 180, "texture": "#texture" },
        "up":    { "uv": [ 7.75, 10, 8.25, 10.25 ], "rotation": 180, "texture": "#texture" },
        "north": { "uv": [ 7.75, 4.25, 8.25, 15 ], "texture": "#texture" },
        "south": { "uv": [ 7.75, 4.25, 8.25, 15 ], "texture": "#texture" },
        "west":  { "uv": [ 5.75, 4.25, 6, 15 ], "texture": "#texture" },
        "east":  { "uv": [ 10, 4.25, 10.25, 15 ], "texture": "#texture" }
    }
},
{
    "from": [ 7.75, 1, 6 ],
    "to": [ 8.25, 12, 6.5 ],
    "faces": {
        "down":  { "uv": [ 7.75, 10, 8.25, 9.5 ], "rotation": 180, "texture": "#texture" },
        "up":    { "uv": [ 7.75, 9.5, 8.25, 10 ], "rotation": 180, "texture": "#texture" },
        "north": { "uv": [ 7.75, 4, 8.25, 15 ], "texture": "#texture" },
        "south": { "uv": [ 7.75, 4, 8.25, 15 ], "texture": "#texture" },
        "west":  { "uv": [ 6, 4, 6.5, 15 ], "texture": "#texture" },
        "east":  { "uv": [ 9.5, 4, 10, 15 ], "texture": "#texture" }
    }
},
{
    "from": [ 7.75, 1, 6.5 ],
    "to": [ 8.25, 12.25, 7.25 ],
    "faces": {
        "down":  { "uv": [ 7.75, 9.5, 8.25, 8.75 ], "rotation": 180, "texture": "#texture" },
        "up":    { "uv": [ 7.75, 8.75, 8.25, 9.5 ], "rotation": 180, "texture": "#texture" },
        "north": { "uv": [ 7.75, 3.75, 8.25, 15 ], "texture": "#texture" },
        "south": { "uv": [ 7.75, 3.75, 8.25, 15 ], "texture": "#texture" },
        "west":  { "uv": [ 6.5, 3.75, 7.25, 15 ], "texture": "#texture" },
        "east":  { "uv": [ 8.75, 3.75, 9.5, 15 ], "texture": "#texture" }
    }
},
{
    "from": [ 7.25, 0, 7.25 ],
    "to": [ 8.75, 13, 8.75 ],
    "faces": {
        "down":  { "uv": [ 0, 7.5, 1, 4.5 ], "rotation": 180, "texture": "#texture" },
        "up":    { "uv": [ 0, 4.5, 1, 7.25 ], "rotation": 180, "texture": "#texture" },
        "north": { "uv": [ 0, 4.5, 16, 7.5 ], "rotation": 90, "texture": "#texture" },
        "south": { "uv": [ 0, 4.25, 16, 7.25 ], "rotation": 90, "texture": "#texture" },
        "west":  { "uv": [ 0, 4.5, 16, 7.5 ], "texture": "#texture" },
        "east":  { "uv": [ 0, 4.25, 16, 7.25 ], "texture": "#texture" }
    }
},
{
    "from": [ 7, 13, 7 ],
    "to": [ 9, 13.25, 9 ],
    "faces": {
        "down":  { "uv": [ 7, 9, 9, 7 ], "rotation": 180, "texture": "#texture" },
        "up":    { "uv": [ 7, 7, 9, 9 ], "rotation": 180, "texture": "#texture" },
        "north": { "uv": [ 7, 2.75, 9, 3 ], "texture": "#texture" },
        "south": { "uv": [ 7, 2.75, 9, 3 ], "texture": "#texture" },
        "west":  { "uv": [ 7, 2.75, 9, 3 ], "texture": "#texture" },
        "east":  { "uv": [ 7, 2.75, 9, 3 ], "texture": "#texture" }
    }
},
{
    "from": [ 7.25, 13.25, 7.25 ],
    "to": [ 8.75, 13.5, 8.75 ],
    "faces": {
        "down":  { "uv": [ 7.25, 8.75, 8.75, 7.25 ], "rotation": 180, "texture": "#texture" },
        "up":    { "uv": [ 7.25, 7.25, 8.75, 8.75 ], "rotation": 180, "texture": "#texture" },
        "north": { "uv": [ 7.25, 2.5, 8.75, 2.75 ], "texture": "#texture" },
        "south": { "uv": [ 7.25, 2.5, 8.75, 2.75 ], "texture": "#texture" },
        "west":  { "uv": [ 7.25, 2.5, 8.75, 2.75 ], "texture": "#texture" },
        "east":  { "uv": [ 7.25, 2.5, 8.75, 2.75 ], "texture": "#texture" }
    }
},
{
    "from": [ 7.5, 13.5, 7.5 ],
    "to": [ 8.5, 14, 8.5 ],
    "faces": {
        "down":  { "uv": [ 7.5, 8.5, 8.5, 7.5 ], "rotation": 180, "texture": "#texture" },
        "up":    { "uv": [ 7.5, 7.5, 8.5, 8.5 ], "rotation": 180, "texture": "#texture" },
        "north": { "uv": [ 7.5, 2, 8.5, 2.5 ], "texture": "#texture" },
        "south": { "uv": [ 7.5, 2, 8.5, 2.5 ], "texture": "#texture" },
        "west":  { "uv": [ 7.5, 2, 8.5, 2.5 ], "texture": "#texture" },
        "east":  { "uv": [ 7.5, 2, 8.5, 2.5 ], "texture": "#texture" }
    }
},
{
    "from": [ 7, 14.5, 7 ],
    "to": [ 9, 15.5, 9 ],
    "faces": {
        "down":  { "uv": [ 7, 9, 9, 7 ], "rotation": 180, "texture": "#texture" },
        "up":    { "uv": [ 7, 7, 9, 9 ], "rotation": 180, "texture": "#texture" },
        "north": { "uv": [ 7, 0.5, 9, 1.5 ], "texture": "#texture" },
        "south": { "uv": [ 7, 0.5, 9, 1.5 ], "texture": "#texture" },
        "west":  { "uv": [ 7, 0.5, 9, 1.5 ], "texture": "#texture" },
        "east":  { "uv": [ 7, 0.5, 9, 1.5 ], "texture": "#texture" }
    }
},
{
    "from": [ 7.25, 14, 7.25 ],
    "to": [ 8.75, 14.5, 8.75 ],
    "faces": {
        "down":  { "uv": [ 7.25, 8.75, 8.75, 7.25 ], "rotation": 180, "texture": "#texture" },
        "up":    { "uv": [ 7.25, 7.25, 8.75, 8.75 ], "rotation": 180, "texture": "#texture" },
        "north": { "uv": [ 7.25, 1.5, 8.75, 2 ], "texture": "#texture" },
        "south": { "uv": [ 7.25, 1.5, 8.75, 2 ], "texture": "#texture" },
        "west":  { "uv": [ 7.25, 1.5, 8.75, 2 ], "texture": "#texture" },
        "east":  { "uv": [ 7.25, 1.5, 8.75, 2 ], "texture": "#texture" }
    }
},
{
    "from": [ 7.25, 15.5, 7.25 ],
    "to": [ 8.75, 16, 8.75 ],
    "faces": {
        "down":  { "uv": [ 7.25, 8.75, 8.75, 7.25 ], "rotation": 180, "texture": "#texture" },
        "up":    { "uv": [ 7.25, 7.25, 8.75, 8.75 ], "rotation": 180, "texture": "#texture" },
        "north": { "uv": [ 7.25, 0, 8.75, 0.5 ], "texture": "#texture" },
        "south": { "uv": [ 7.25, 0, 8.75, 0.5 ], "texture": "#texture" },
        "west":  { "uv": [ 7.25, 0, 8.75, 0.5 ], "texture": "#texture" },
        "east":  { "uv": [ 7.25, 0, 8.75, 0.5 ], "texture": "#texture" }
    }
},
{
    "from": [ 11.25, 3, 7.75 ],
    "to": [ 12, 9, 8.25 ],
    "faces": {
        "down":  { "uv": [ 7.75, 5, 8.25, 4.25 ], "rotation": 270, "texture": "#texture" },
        "up":    { "uv": [ 7.75, 4.25, 8.25, 5 ], "rotation": 90, "texture": "#texture" },
        "north": { "uv": [ 4.25, 7, 5, 13 ], "texture": "#texture" },
        "south": { "uv": [ 11, 7, 11.75, 13 ], "texture": "#texture" },
        "west":  { "uv": [ 7.75, 7, 8.25, 13 ], "texture": "#texture" },
        "east":  { "uv": [ 7.75, 7, 8.25, 13 ], "texture": "#texture" }
    }
},
{
    "from": [ 13, 3, 7.75 ],
    "to": [ 13.75, 9, 8.25 ],
    "faces": {
        "down":  { "uv": [ 7.75, 3, 8.25, 2.25 ], "rotation": 270, "texture": "#texture" },
        "up":    { "uv": [ 7.75, 2.25, 8.25, 3 ], "rotation": 90, "texture": "#texture" },
        "north": { "uv": [ 2.25, 7, 3, 13 ], "texture": "#texture" },
        "south": { "uv": [ 13, 7, 13.75, 13 ], "texture": "#texture" },
        "west":  { "uv": [ 7.75, 7, 8.25, 13 ], "texture": "#texture" },
        "east":  { "uv": [ 7.75, 7, 8.25, 13 ], "texture": "#texture" }
    }
},
{
    "from": [ 14.75, 3, 7.75 ],
    "to": [ 15.5, 9, 8.25 ],
    "faces": {
        "down":  { "uv": [ 7.75, 1, 8.25, 0.25 ], "rotation": 270, "texture": "#texture" },
        "up":    { "uv": [ 7.75, 0.25, 8.25, 1 ], "rotation": 90, "texture": "#texture" },
        "north": { "uv": [ 0.25, 7, 1, 13 ], "texture": "#texture" },
        "south": { "uv": [ 15, 7, 15.75, 13 ], "texture": "#texture" },
        "west":  { "uv": [ 7.75, 7, 8.25, 13 ], "texture": "#texture" },
        "east":  { "uv": [ 7.75, 7, 8.25, 13 ], "texture": "#texture" }
    }
},
{
    "from": [ 10.5, 1.5, 7.75 ],
    "to": [ 16, 3, 8.25 ],
    "faces": {
        "down":  { "uv": [ 7.75, 12.25, 8.75, 11.25 ], "rotation": 90, "texture": "#texture" },
        "up":    { "uv": [ 7.75, 11.25, 8.75, 12.25 ], "rotation": 270, "texture": "#texture" },
        "north": { "uv": [ 3.75, 0, 4.75, 1 ], "texture": "#texture" },
        "south": { "uv": [ 11.25, 0, 12.25, 1 ], "texture": "#texture" },
        "west":  { "uv": [ 7.25, 0, 8.25, 1 ], "texture": "#texture" },
        "east":  { "uv": [ 7.75, 0, 8.75, 1 ], "texture": "#texture" }
    }
},
{
    "from": [ 10.5, 9, 7.75 ],
    "to": [ 16, 10.5, 8.25 ],
    "faces": {
        "down":  { "uv": [ 7.75, 12.25, 8.75, 11.25 ], "rotation": 90, "texture": "#texture" },
        "up":    { "uv": [ 7.75, 11.25, 8.75, 12.25 ], "rotation": 270, "texture": "#texture" },
        "north": { "uv": [ 3.75, 0, 4.75, 1 ], "texture": "#texture" },
        "south": { "uv": [ 11.25, 0, 12.25, 1 ], "texture": "#texture" },
        "west":  { "uv": [ 7.25, 0, 8.25, 1 ], "texture": "#texture" },
        "east":  { "uv": [ 7.75, 0, 8.75, 1 ], "texture": "#texture" }
    }
},
{
    "from": [ 10.25, 1, 7.75 ],
    "to": [ 10.5, 11.25, 8.25 ],
    "faces": {
        "down":  { "uv": [ 7.75, 10.5, 8.25, 10.25 ], "rotation": 90, "texture": "#texture" },
        "up":    { "uv": [ 7.75, 10.25, 8.25, 10.5 ], "rotation": 270, "texture": "#texture" },
        "north": { "uv": [ 5.5, 4.75, 5.75, 15 ], "texture": "#texture" },
        "south": { "uv": [ 10.25, 4.75, 10.5, 15 ], "texture": "#texture" },
        "west":  { "uv": [ 7.75, 4.75, 8.25, 15 ], "texture": "#texture" },
        "east":  { "uv": [ 7.75, 4.75, 8.25, 15 ], "texture": "#texture" }
    }
},
{
    "from": [ 10, 1, 7.75 ],
    "to": [ 10.25, 11.75, 8.25 ],
    "faces": {
        "down":  { "uv": [ 7.75, 10.25, 8.25, 10 ], "rotation": 90, "texture": "#texture" },
        "up":    { "uv": [ 7.75, 10, 8.25, 10.25 ], "rotation": 270, "texture": "#texture" },
        "north": { "uv": [ 5.75, 4.25, 6, 15 ], "texture": "#texture" },
        "south": { "uv": [ 10, 4.25, 10.25, 15 ], "texture": "#texture" },
        "west":  { "uv": [ 7.75, 4.25, 8.25, 15 ], "texture": "#texture" },
        "east":  { "uv": [ 7.75, 4.25, 8.25, 15 ], "texture": "#texture" }
    }
},
{
    "from": [ 9.5, 1, 7.75 ],
    "to": [ 10, 12, 8.25 ],
    "faces": {
        "down":  { "uv": [ 7.75, 10, 8.25, 9.5 ], "rotation": 90, "texture": "#texture" },
        "up":    { "uv": [ 7.75, 9.5, 8.25, 10 ], "rotation": 270, "texture": "#texture" },
        "north": { "uv": [ 6, 4, 6.5, 15 ], "texture": "#texture" },
        "south": { "uv": [ 9.5, 4, 10, 15 ], "texture": "#texture" },
        "west":  { "uv": [ 7.75, 4, 8.25, 15 ], "texture": "#texture" },
        "east":  { "uv": [ 7.75, 4, 8.25, 15 ], "texture": "#texture" }
    }
},
{
    "from": [ 8.75, 1, 7.75 ],
    "to": [ 9.5, 12.25, 8.25 ],
    "faces": {
        "down":  { "uv": [ 7.75, 9.5, 8.25, 8.75 ], "rotation": 90, "texture": "#texture" },
        "up":    { "uv": [ 7.75, 8.75, 8.25, 9.5 ], "rotation": 270, "texture": "#texture" },
        "north": { "uv": [ 6.5, 3.75, 7.25, 15 ], "texture": "#texture" },
        "south": { "uv": [ 8.75, 3.75, 9.5, 15 ], "texture": "#texture" },
        "west":  { "uv": [ 7.75, 3.75, 8.25, 15 ], "texture": "#texture" },
        "east":  { "uv": [ 7.75, 3.75, 8.25, 15 ], "texture": "#texture" }
    }
},
{
    "from": [ 7.75, 1, 8.75 ],
    "to": [ 8.25, 12.25, 9.5 ],
    "faces": {
        "down":  { "uv": [ 7.75, 9.5, 8.25, 8.75 ], "rotation": 180, "texture": "#texture" },
        "up":    { "uv": [ 7.75, 8.75, 8.25, 9.5 ], "rotation": 180, "texture": "#texture" },
        "north": { "uv": [ 7.75, 3.75, 8.25, 15 ], "texture": "#texture" },
        "south": { "uv": [ 7.75, 3.75, 8.25, 15 ], "texture": "#texture" },
        "west":  { "uv": [ 6.5, 3.75, 7.25, 15 ], "texture": "#texture" },
        "east":  { "uv": [ 8.75, 3.75, 9.5, 15 ], "texture": "#texture" }
    }
},
{
    "from": [ 7.75, 1, 9.5 ],
    "to": [ 8.25, 12, 10 ],
    "faces": {
        "down":  { "uv": [ 7.75, 10, 8.25, 9.5 ], "rotation": 180, "texture": "#texture" },
        "up":    { "uv": [ 7.75, 9.5, 8.25, 10 ], "rotation": 180, "texture": "#texture" },
        "north": { "uv": [ 7.75, 4, 8.25, 15 ], "texture": "#texture" },
        "south": { "uv": [ 7.75, 4, 8.25, 15 ], "texture": "#texture" },
        "west":  { "uv": [ 6, 4, 6.5, 15 ], "texture": "#texture" },
        "east":  { "uv": [ 9.5, 4, 10, 15 ], "texture": "#texture" }
    }
},
{
    "from": [ 7.75, 1, 10 ],
    "to": [ 8.25, 11.75, 10.25 ],
    "faces": {
        "down":  { "uv": [ 7.75, 10.25, 8.25, 10 ], "rotation": 180, "texture": "#texture" },
        "up":    { "uv": [ 7.75, 10, 8.25, 10.25 ], "rotation": 180, "texture": "#texture" },
        "north": { "uv": [ 7.75, 4.25, 8.25, 15 ], "texture": "#texture" },
        "south": { "uv": [ 7.75, 4.25, 8.25, 15 ], "texture": "#texture" },
        "west":  { "uv": [ 5.75, 4.25, 6, 15 ], "texture": "#texture" },
        "east":  { "uv": [ 10, 4.25, 10.25, 15 ], "texture": "#texture" }
    }
},
{
    "from": [ 7.75, 1, 10.25 ],
    "to": [ 8.25, 11.25, 10.5 ],
    "faces": {
        "down":  { "uv": [ 7.75, 10.5, 8.25, 10.25 ], "rotation": 180, "texture": "#texture" },
        "up":    { "uv": [ 7.75, 10.25, 8.25, 10.5 ], "rotation": 180, "texture": "#texture" },
        "north": { "uv": [ 7.75, 4.75, 8.25, 15 ], "texture": "#texture" },
        "south": { "uv": [ 7.75, 4.75, 8.25, 15 ], "texture": "#texture" },
        "west":  { "uv": [ 5.5, 4.75, 5.75, 15 ], "texture": "#texture" },
        "east":  { "uv": [ 10.25, 4.75, 10.5, 15 ], "texture": "#texture" }
    }
},
{
    "from": [ 7.75, 1.5, 10.5 ],
    "to": [ 8.25, 3, 16 ],
    "faces": {
        "down":  { "uv": [ 7.75, 12.25, 8.75, 11.25 ], "rotation": 180, "texture": "#texture" },
        "up":    { "uv": [ 7.75, 11.25, 8.75, 12.25 ], "rotation": 180, "texture": "#texture" },
        "north": { "uv": [ 7.75, 0, 8.75, 1 ], "texture": "#texture" },
        "south": { "uv": [ 7.25, 0, 8.25, 1 ], "texture": "#texture" },
        "west":  { "uv": [ 3.75, 0, 4.75, 1 ], "texture": "#texture" },
        "east":  { "uv": [ 11.25, 0, 12.25, 1 ], "texture": "#texture" }
    }
},
{
    "from": [ 7.75, 9, 10.5 ],
    "to": [ 8.25, 10.5, 16 ],
    "faces": {
        "down":  { "uv": [ 7.75, 12.25, 8.75, 11.25 ], "rotation": 180, "texture": "#texture" },
        "up":    { "uv": [ 7.75, 11.25, 8.75, 12.25 ], "rotation": 180, "texture": "#texture" },
        "north": { "uv": [ 7.75, 0, 8.75, 1 ], "texture": "#texture" },
        "south": { "uv": [ 7.25, 0, 8.25, 1 ], "texture": "#texture" },
        "west":  { "uv": [ 3.75, 0, 4.75, 1 ], "texture": "#texture" },
        "east":  { "uv": [ 11.25, 0, 12.25, 1 ], "texture": "#texture" }
    }
},
{
    "from": [ 7.75, 3, 11.25 ],
    "to": [ 8.25, 9, 12 ],
    "faces": {
        "down":  { "uv": [ 7.75, 5, 8.25, 4.25 ], "texture": "#texture" },
        "up":    { "uv": [ 7.75, 4.25, 8.25, 5 ], "texture": "#texture" },
        "north": { "uv": [ 7.75, 7, 8.25, 13 ], "texture": "#texture" },
        "south": { "uv": [ 7.75, 7, 8.25, 13 ], "texture": "#texture" },
        "west":  { "uv": [ 4.25, 7, 5, 13 ], "texture": "#texture" },
        "east":  { "uv": [ 11, 7, 11.75, 13 ], "texture": "#texture" }
    }
},
{
    "from": [ 7.75, 3, 13 ],
    "to": [ 8.25, 9, 13.75 ],
    "faces": {
        "down":  { "uv": [ 7.75, 3, 8.25, 2.25 ], "texture": "#texture" },
        "up":    { "uv": [ 7.75, 2.25, 8.25, 3 ], "texture": "#texture" },
        "north": { "uv": [ 7.75, 7, 8.25, 13 ], "texture": "#texture" },
        "south": { "uv": [ 7.75, 7, 8.25, 13 ], "texture": "#texture" },
        "west":  { "uv": [ 2.25, 7, 3, 13 ], "texture": "#texture" },
        "east":  { "uv": [ 13, 7, 13.75, 13 ], "texture": "#texture" }
    }
},
{
    "from": [ 7.75, 3, 14.75 ],
    "to": [ 8.25, 9, 15.5 ],
    "faces": {
        "down":  { "uv": [ 7.75, 1, 8.25, 0.25 ], "texture": "#texture" },
        "up":    { "uv": [ 7.75, 0.25, 8.25, 1 ], "texture": "#texture" },
        "north": { "uv": [ 7.75, 7, 8.25, 13 ], "texture": "#texture" },
        "south": { "uv": [ 7.75, 7, 8.25, 13 ], "texture": "#texture" },
        "west":  { "uv": [ 0.25, 7, 1, 13 ], "texture": "#texture" },
        "east":  { "uv": [ 15, 7, 15.75, 13 ], "texture": "#texture" }
    }
}
]
}