{
"__comment": "Designed by Woliongames with BDcraft Cubik PRO 0.87 Beta - http://bdcraft.net",
"textures": {
    "particle": "blocks/planks_jungle",
    "top": "blocks/planks_jungle",
    "side": "blocks/planks_jungle",
    "bottom": "blocks/planks_jungle"
},
"elements": [ 
{
    "from": [ 14, 1, 14 ],
    "to": [ 16, 7.5, 16 ],
    "faces": {
        "down":  { "uv": [ 16, 2, 14, 0 ], "rotation": 180, "texture": "#bottom" },
        "up":    { "uv": [ 0, 0, 2, 2 ], "rotation": 180, "texture": "#top" },
        "north": { "uv": [ 0, 8.5, 2, 16 ], "texture": "#side" },
        "south": { "uv": [ 14, 8.5, 16, 16 ], "texture": "#side" },
        "west":  { "uv": [ 14, 8.5, 16, 16 ], "texture": "#side" },
        "east":  { "uv": [ 0, 8.5, 2, 16 ], "texture": "#side" }
    }
},
{
    "from": [ 0, 7.5, 0 ],
    "to": [ 16, 8.5, 16 ],
    "faces": {
        "down":  { "uv": [ 16, 16, 0, 0 ], "rotation": 180, "texture": "#bottom" },
        "up":    { "uv": [ 0, 0, 16, 16 ], "rotation": 180, "texture": "#top" },
        "north": { "uv": [ 0, 7.5, 16, 8.5 ], "texture": "#side" },
        "south": { "uv": [ 0, 7.5, 16, 8.5 ], "texture": "#side" },
        "west":  { "uv": [ 0, 7.5, 16, 8.5 ], "texture": "#side" },
        "east":  { "uv": [ 0, 7.5, 16, 8.5 ], "texture": "#side" }
    }
},
{
    "from": [ 14, 0.75, 0 ],
    "to": [ 16, 7.5, 2 ],
    "faces": {
        "down":  { "uv": [ 16, 16, 14, 14 ], "rotation": 180, "texture": "#bottom" },
        "up":    { "uv": [ 0, 14, 2, 16 ], "rotation": 180, "texture": "#top" },
        "north": { "uv": [ 0, 8.5, 2, 16 ], "texture": "#side" },
        "south": { "uv": [ 14, 8.5, 16, 16 ], "texture": "#side" },
        "west":  { "uv": [ 0, 8.5, 2, 16 ], "texture": "#side" },
        "east":  { "uv": [ 14, 8.5, 16, 16 ], "texture": "#side" }
    }
},
{
    "from": [ 0, 1, 0 ],
    "to": [ 2, 7.5, 2 ],
    "faces": {
        "down":  { "uv": [ 2, 16, 0, 14 ], "rotation": 180, "texture": "#bottom" },
        "up":    { "uv": [ 14, 14, 16, 16 ], "rotation": 180, "texture": "#top" },
        "north": { "uv": [ 14, 8.5, 16, 16 ], "texture": "#side" },
        "south": { "uv": [ 0, 8.5, 2, 16 ], "texture": "#side" },
        "west":  { "uv": [ 0, 8.5, 2, 16 ], "texture": "#side" },
        "east":  { "uv": [ 14, 8.5, 16, 16 ], "texture": "#side" }
    }
},
{
    "from": [ 0, 1, 14 ],
    "to": [ 2, 7.5, 16 ],
    "faces": {
        "down":  { "uv": [ 2, 2, 0, 0 ], "rotation": 180, "texture": "#bottom" },
        "up":    { "uv": [ 14, 0, 16, 2 ], "rotation": 180, "texture": "#top" },
        "north": { "uv": [ 14, 8.5, 16, 16 ], "texture": "#side" },
        "south": { "uv": [ 0, 8.5, 2, 16 ], "texture": "#side" },
        "west":  { "uv": [ 14, 8.5, 16, 16 ], "texture": "#side" },
        "east":  { "uv": [ 0, 8.5, 2, 16 ], "texture": "#side" }
    }
},
{
    "from": [ 14, 8.5, 0 ],
    "to": [ 16, 16, 16 ],
    "faces": {
        "down":  { "uv": [ 16, 16, 14, 0 ], "rotation": 180, "texture": "#bottom" },
        "up":    { "uv": [ 0, 0, 2, 16 ], "rotation": 180, "texture": "#top" },
        "north": { "uv": [ 0, 0, 2, 7.5 ], "texture": "#side" },
        "south": { "uv": [ 14, 0, 16, 7.5 ], "texture": "#side" },
        "west":  { "uv": [ 0, 0, 16, 7.5 ], "texture": "#side" },
        "east":  { "uv": [ 0, 0, 16, 7.5 ], "texture": "#side" }
    }
},
{
    "from": [ 0, 0, 0 ],
    "to": [ 16, 1, 2 ],
    "faces": {
        "down":  { "uv": [ 16, 16, 0, 0 ], "rotation": 180, "texture": "#bottom" },
        "up":    { "uv": [ 0, 0, 16, 16 ], "rotation": 180, "texture": "#top" },
        "north": { "uv": [ 0, 7.5, 16, 8.5 ], "texture": "#side" },
        "south": { "uv": [ 0, 7.5, 16, 8.5 ], "texture": "#side" },
        "west":  { "uv": [ 0, 7.5, 16, 8.5 ], "texture": "#side" },
        "east":  { "uv": [ 0, 7.5, 16, 8.5 ], "texture": "#side" }
    }
},
{
    "from": [ 0, 0, 14 ],
    "to": [ 16, 1, 16 ],
    "faces": {
        "down":  { "uv": [ 16, 16, 0, 0 ], "rotation": 180, "texture": "#bottom" },
        "up":    { "uv": [ 0, 0, 16, 16 ], "rotation": 180, "texture": "#top" },
        "north": { "uv": [ 0, 7.5, 16, 8.5 ], "texture": "#side" },
        "south": { "uv": [ 0, 7.5, 16, 8.5 ], "texture": "#side" },
        "west":  { "uv": [ 0, 7.5, 16, 8.5 ], "texture": "#side" },
        "east":  { "uv": [ 0, 7.5, 16, 8.5 ], "texture": "#side" }
    }
}
]
}