{
"__comment": "Designed by Woliongames with BDcraft Cubik PRO 0.85 Beta - http://bdcraft.net",
"ambientocclusion": false,
"textures": {
    "particle": "blocks/planks_jungle",
    "texture": "blocks/planks_jungle"
},
"elements": [ 
{
    "from": [ 7.25, 15.5, 7.25 ],
    "to": [ 8.75, 16, 8.75 ],
    "faces": {
        "down":  { "uv": [ 7.25, 8.75, 8.75, 7.25 ], "texture": "#texture" },
        "up":    { "uv": [ 7.25, 7.25, 8.75, 8.75 ], "texture": "#texture" },
        "north": { "uv": [ 7.25, 0, 8.75, 0.5 ], "texture": "#texture" },
        "south": { "uv": [ 7.25, 0, 8.75, 0.5 ], "texture": "#texture" },
        "west":  { "uv": [ 7.25, 0, 8.75, 0.5 ], "texture": "#texture" },
        "east":  { "uv": [ 7.25, 0, 8.75, 0.5 ], "texture": "#texture" }
    }
},
{
    "from": [ 7.25, 14, 7.25 ],
    "to": [ 8.75, 14.5, 8.75 ],
    "faces": {
        "down":  { "uv": [ 7.25, 8.75, 8.75, 7.25 ], "texture": "#texture" },
        "up":    { "uv": [ 7.25, 7.25, 8.75, 8.75 ], "texture": "#texture" },
        "north": { "uv": [ 7.25, 1.5, 8.75, 2 ], "texture": "#texture" },
        "south": { "uv": [ 7.25, 1.5, 8.75, 2 ], "texture": "#texture" },
        "west":  { "uv": [ 7.25, 1.5, 8.75, 2 ], "texture": "#texture" },
        "east":  { "uv": [ 7.25, 1.5, 8.75, 2 ], "texture": "#texture" }
    }
},
{
    "from": [ 7, 14.5, 7 ],
    "to": [ 9, 15.5, 9 ],
    "faces": {
        "down":  { "uv": [ 7, 9, 9, 7 ], "texture": "#texture" },
        "up":    { "uv": [ 7, 7, 9, 9 ], "texture": "#texture" },
        "north": { "uv": [ 7, 0.5, 9, 1.5 ], "texture": "#texture" },
        "south": { "uv": [ 7, 0.5, 9, 1.5 ], "texture": "#texture" },
        "west":  { "uv": [ 7, 0.5, 9, 1.5 ], "texture": "#texture" },
        "east":  { "uv": [ 7, 0.5, 9, 1.5 ], "texture": "#texture" }
    }
},
{
    "from": [ 7.5, 13.5, 7.5 ],
    "to": [ 8.5, 14, 8.5 ],
    "faces": {
        "down":  { "uv": [ 7.5, 8.5, 8.5, 7.5 ], "texture": "#texture" },
        "up":    { "uv": [ 7.5, 7.5, 8.5, 8.5 ], "texture": "#texture" },
        "north": { "uv": [ 7.5, 2, 8.5, 2.5 ], "texture": "#texture" },
        "south": { "uv": [ 7.5, 2, 8.5, 2.5 ], "texture": "#texture" },
        "west":  { "uv": [ 7.5, 2, 8.5, 2.5 ], "texture": "#texture" },
        "east":  { "uv": [ 7.5, 2, 8.5, 2.5 ], "texture": "#texture" }
    }
},
{
    "from": [ 7.25, 13.25, 7.25 ],
    "to": [ 8.75, 13.5, 8.75 ],
    "faces": {
        "down":  { "uv": [ 7.25, 8.75, 8.75, 7.25 ], "texture": "#texture" },
        "up":    { "uv": [ 7.25, 7.25, 8.75, 8.75 ], "texture": "#texture" },
        "north": { "uv": [ 7.25, 2.5, 8.75, 2.75 ], "texture": "#texture" },
        "south": { "uv": [ 7.25, 2.5, 8.75, 2.75 ], "texture": "#texture" },
        "west":  { "uv": [ 7.25, 2.5, 8.75, 2.75 ], "texture": "#texture" },
        "east":  { "uv": [ 7.25, 2.5, 8.75, 2.75 ], "texture": "#texture" }
    }
},
{
    "from": [ 7, 13, 7 ],
    "to": [ 9, 13.25, 9 ],
    "faces": {
        "down":  { "uv": [ 7, 9, 9, 7 ], "texture": "#texture" },
        "up":    { "uv": [ 7, 7, 9, 9 ], "texture": "#texture" },
        "north": { "uv": [ 7, 2.75, 9, 3 ], "texture": "#texture" },
        "south": { "uv": [ 7, 2.75, 9, 3 ], "texture": "#texture" },
        "west":  { "uv": [ 7, 2.75, 9, 3 ], "texture": "#texture" },
        "east":  { "uv": [ 7, 2.75, 9, 3 ], "texture": "#texture" }
    }
},
{
    "from": [ 7.25, 0, 7.25 ],
    "to": [ 8.75, 13, 8.75 ],
    "faces": {
        "down":  { "uv": [ 0, 7.5, 1, 4.5 ], "texture": "#texture" },
        "up":    { "uv": [ 0, 4.5, 1, 7.25 ], "texture": "#texture" },
        "north": { "uv": [ 0, 4.25, 16, 7.25 ], "rotation": 90, "texture": "#texture" },
        "south": { "uv": [ 0, 4.5, 16, 7.5 ], "rotation": 90, "texture": "#texture" },
        "west":  { "uv": [ 0, 4.25, 16, 7.25 ], "rotation": 90, "texture": "#texture" },
        "east":  { "uv": [ 0, 4.5, 16, 7.5 ], "texture": "#texture" }
    }
}
]
}