{
"__comment": "Designed by Woliongames with BDcraft Cubik PRO 0.87 Beta - http://bdcraft.net",
"textures": {
    "particle": "blocks/door_jungle_lower",
    "bottom": "blocks/door_jungle_lower"
},
"elements": [ 
{
    "__comment": "tuer",
    "from": [ 0, 0, 0 ],
    "to": [ 1, 16, 16 ],
    "faces": {
        "down":  { "uv": [ 8.375, 16, 7.375, 0 ], "texture": "#bottom" },
        "north": { "uv": [ 7.5, 0, 8.5, 16 ], "texture": "#bottom" },
        "south": { "uv": [ 7.5, 0, 8.5, 16 ], "texture": "#bottom" },
        "west":  { "uv": [ 0, 0, 16, 16 ], "texture": "#bottom" },
        "east":  { "uv": [ 16, 0, 0, 16 ], "texture": "#bottom" }
    }
},
{
    "__comment": "griff",
    "from": [ -0.125, 11.375, 15.125 ],
    "to": [ 0, 14.875, 15.75 ],
    "faces": {
        "down":  { "uv": [ 15.25, 2.75, 15.75, 3.375 ], "texture": "#bottom" },
        "up":    { "uv": [ 15.25, 2.75, 15.75, 3.375 ], "texture": "#bottom" },
        "north": { "uv": [ 15.125, 1.125, 15.625, 4.625 ], "texture": "#bottom" },
        "south": { "uv": [ 15.125, 1.125, 15.625, 4.625 ], "texture": "#bottom" },
        "west":  { "uv": [ 15.125, 1.125, 15.75, 4.625 ], "texture": "#bottom" },
        "east":  { "uv": [ 15.125, 1.125, 15.75, 4.625 ], "texture": "#bottom" }
    }
},
{
    "__comment": "griff",
    "from": [ -0.75, 13.375, 13.625 ],
    "to": [ -0.5, 13.625, 15.5 ],
    "faces": {
        "down":  { "uv": [ 15.125, 2.75, 15.75, 3.25 ], "texture": "#bottom" },
        "up":    { "uv": [ 15.125, 2.75, 15.75, 3.25 ], "texture": "#bottom" },
        "north": { "uv": [ 15.25, 2.75, 15.75, 3.25 ], "texture": "#bottom" },
        "south": { "uv": [ 15.25, 2.75, 15.75, 3.25 ], "texture": "#bottom" },
        "west":  { "uv": [ 15, 2.625, 15.75, 3.25 ], "texture": "#bottom" },
        "east":  { "uv": [ 15, 2.625, 15.75, 3.25 ], "texture": "#bottom" }
    }
},
{
    "__comment": "griff*",
    "from": [ -0.5, 13.375, 15.125 ],
    "to": [ -0.125, 13.625, 15.5 ],
    "faces": {
        "down":  { "uv": [ 15.25, 2.875, 15.75, 3.375 ], "texture": "#bottom" },
        "up":    { "uv": [ 15.25, 2.875, 15.75, 3.375 ], "texture": "#bottom" },
        "north": { "uv": [ 15.125, 2.875, 15.625, 3.375 ], "texture": "#bottom" },
        "south": { "uv": [ 15.125, 2.875, 15.625, 3.375 ], "texture": "#bottom" },
        "west":  { "uv": [ 15.25, 3, 15.75, 3.5 ], "texture": "#bottom" },
        "east":  { "uv": [ 15.25, 3, 15.75, 3.5 ], "texture": "#bottom" }
    }
},
{
    "__comment": "griff*",
    "from": [ 1, 11.375, 15.125 ],
    "to": [ 1.125, 14.875, 15.75 ],
    "faces": {
        "down":  { "uv": [ 15.25, 2.75, 15.75, 3.375 ], "texture": "#bottom" },
        "up":    { "uv": [ 15.25, 2.75, 15.75, 3.375 ], "texture": "#bottom" },
        "north": { "uv": [ 15.125, 1.125, 15.625, 4.625 ], "texture": "#bottom" },
        "south": { "uv": [ 15.125, 1.125, 15.625, 4.625 ], "texture": "#bottom" },
        "west":  { "uv": [ 15.75, 1.125, 15.125, 4.625 ], "texture": "#bottom" },
        "east":  { "uv": [ 15.75, 1.125, 15.125, 4.625 ], "texture": "#bottom" }
    }
},
{
    "__comment": "griff*",
    "from": [ 1.5, 13.375, 13.625 ],
    "to": [ 1.75, 13.625, 15.5 ],
    "faces": {
        "down":  { "uv": [ 15.125, 2.75, 15.75, 3.25 ], "texture": "#bottom" },
        "up":    { "uv": [ 15.125, 2.75, 15.75, 3.25 ], "texture": "#bottom" },
        "north": { "uv": [ 15.25, 2.75, 15.75, 3.25 ], "texture": "#bottom" },
        "south": { "uv": [ 15.25, 2.75, 15.75, 3.25 ], "texture": "#bottom" },
        "west":  { "uv": [ 15, 2.625, 15.75, 3.25 ], "texture": "#bottom" },
        "east":  { "uv": [ 15, 2.625, 15.75, 3.25 ], "texture": "#bottom" }
    }
},
{
    "__comment": "griff*",
    "from": [ 1.125, 13.375, 15.125 ],
    "to": [ 1.5, 13.625, 15.5 ],
    "faces": {
        "down":  { "uv": [ 15.25, 2.875, 15.75, 3.375 ], "texture": "#bottom" },
        "up":    { "uv": [ 15.25, 2.875, 15.75, 3.375 ], "texture": "#bottom" },
        "north": { "uv": [ 15.125, 2.875, 15.625, 3.375 ], "texture": "#bottom" },
        "south": { "uv": [ 15.125, 2.875, 15.625, 3.375 ], "texture": "#bottom" },
        "west":  { "uv": [ 15.25, 3, 15.75, 3.5 ], "texture": "#bottom" },
        "east":  { "uv": [ 15.25, 3, 15.75, 3.5 ], "texture": "#bottom" }
    }
}
]
}