{
"__comment": "Designed by Woliongames with BDcraft Cubik PRO 0.87 Beta - http://bdcraft.net",
"textures": {
    "particle": "blocks/door_jungle_upper",
    "top": "blocks/door_jungle_upper"
},
"elements": [ 
{
    "__comment": "tuer",
    "from": [ 0, 0, 0 ],
    "to": [ 1, 16, 16 ],
    "faces": {
        "up":    { "uv": [ 0, 0, 2, 16 ], "texture": "#top" },
        "north": { "uv": [ 7.25, 0, 9.25, 16 ], "texture": "#top" },
        "south": { "uv": [ 0, 0, 2, 16 ], "texture": "#top" },
        "west":  { "uv": [ 0, 0, 16, 16 ], "texture": "#top" },
        "east":  { "uv": [ 16, 0, 0, 16 ], "texture": "#top" }
    }
}
]
}