{
"ambientocclusion": false,
"textures": {
    "particle": "blocks/ladder",
    "texture": "blocks/ladder"
},
"elements": [ 
{
    "from": [ 13.5, 0, 12.8125 ],
    "to": [ 14.75, 16, 14.25 ],
    "faces": {
        "down":  { "uv": [ 1.5, 2, 3, 3.5 ], "texture": "#texture" },
        "up":    { "uv": [ 1.5, 3, 3, 4.5 ], "texture": "#texture" },
        "north": { "uv": [ 13, 0, 14.5, 16 ], "texture": "#texture" },
        "south": { "uv": [ 1.5, 0, 3, 16 ], "texture": "#texture" },
        "west":  { "uv": [ 13, 0, 14.5, 16 ], "texture": "#texture" },
        "east":  { "uv": [ 1.5, 0, 3, 16 ], "texture": "#texture" }
    }
},
{
    "from": [ 2.75, 7.75, 13.1875 ],
    "to": [ 13.25, 8.25, 13.8125 ],
    "faces": {
        "down":  { "uv": [ 3, 14, 13, 13 ], "texture": "#texture" },
        "up":    { "uv": [ 3, 13, 13, 14 ], "texture": "#texture" },
        "north": { "uv": [ 3, 7.5, 13, 8.5 ], "texture": "#texture" },
        "south": { "uv": [ 3, 7.5, 13, 8.5 ], "texture": "#texture" },
        "west":  { "uv": [ 13, 7.5, 14, 8.5 ], "texture": "#texture" },
        "east":  { "uv": [ 2, 7.5, 3, 8.5 ], "texture": "#texture" }
    }
},
{
    "from": [ 2.75, 2.5, 13.3125 ],
    "to": [ 13.25, 3, 13.875 ],
    "faces": {
        "down":  { "uv": [ 3, 14, 13, 13 ], "texture": "#texture" },
        "up":    { "uv": [ 3, 13, 13, 14 ], "texture": "#texture" },
        "north": { "uv": [ 3, 13, 13, 14 ], "texture": "#texture" },
        "south": { "uv": [ 3, 13, 13, 14 ], "texture": "#texture" },
        "west":  { "uv": [ 13, 13, 14, 14 ], "texture": "#texture" },
        "east":  { "uv": [ 2, 13, 3, 14 ], "texture": "#texture" }
    }
},
{
    "from": [ 2.75, 13, 13.1875 ],
    "to": [ 13.25, 13.5, 13.875 ],
    "faces": {
        "down":  { "uv": [ 3, 14, 13.25, 13 ], "texture": "#texture" },
        "up":    { "uv": [ 3, 13, 13.25, 14 ], "texture": "#texture" },
        "north": { "uv": [ 3, 13, 13, 14 ], "texture": "#texture" },
        "south": { "uv": [ 3, 13, 13, 14 ], "texture": "#texture" },
        "west":  { "uv": [ 13, 4, 14.5, 5 ], "texture": "#texture" },
        "east":  { "uv": [ 1.5, 3.5, 3, 4.5 ], "texture": "#texture" }
    }
},
{
    "from": [ 1.25, 0, 12.8125 ],
    "to": [ 2.5, 16, 14.25 ],
    "faces": {
        "down":  { "uv": [ 1.5, 14.5, 3, 12.5 ], "texture": "#texture" },
        "up":    { "uv": [ 1.5, 12.5, 3, 14.5 ], "texture": "#texture" },
        "north": { "uv": [ 3, 0, 1.5, 16 ], "texture": "#texture" },
        "south": { "uv": [ 1.5, 0, 3, 16 ], "texture": "#texture" },
        "west":  { "uv": [ 13, 0, 14.5, 16 ], "texture": "#texture" },
        "east":  { "uv": [ 14.5, 0, 13, 16 ], "texture": "#texture" }
    }
},
{
    "from": [ 13.25, 0, 13 ],
    "to": [ 13.5, 16, 14 ],
    "faces": {
        "down":  { "uv": [ 13, 14, 14.5, 13 ], "texture": "#texture" },
        "up":    { "uv": [ 13, 13, 14.5, 14 ], "texture": "#texture" },
        "north": { "uv": [ 1.5, 0, 3, 16 ], "texture": "#texture" },
        "south": { "uv": [ 13, 0, 14.5, 16 ], "texture": "#texture" },
        "west":  { "uv": [ 13, 0, 14.5, 16 ], "texture": "#texture" },
        "east":  { "uv": [ 1.5, 0, 3, 16 ], "texture": "#texture" }
    }
},
{
    "from": [ 1, 0, 13 ],
    "to": [ 1.25, 16, 14 ],
    "faces": {
        "down":  { "uv": [ 1.5, 14, 3, 13 ], "texture": "#texture" },
        "up":    { "uv": [ 1.5, 13, 3, 14 ], "texture": "#texture" },
        "north": { "uv": [ 13, 0, 14.5, 16 ], "texture": "#texture" },
        "south": { "uv": [ 1.5, 0, 3, 16 ], "texture": "#texture" },
        "west":  { "uv": [ 13, 0, 14.5, 16 ], "texture": "#texture" },
        "east":  { "uv": [ 1.5, 0, 3, 16 ], "texture": "#texture" }
    }
},
{
    "from": [ 2.5, 0, 13 ],
    "to": [ 2.75, 16, 14 ],
    "faces": {
        "down":  { "uv": [ 1.5, 14, 3, 13 ], "texture": "#texture" },
        "up":    { "uv": [ 1.5, 13, 3, 14 ], "texture": "#texture" },
        "north": { "uv": [ 13, 0, 14.5, 16 ], "texture": "#texture" },
        "south": { "uv": [ 1.5, 0, 3, 16 ], "texture": "#texture" },
        "west":  { "uv": [ 13, 0, 14.5, 16 ], "texture": "#texture" },
        "east":  { "uv": [ 1.5, 0, 3, 16 ], "texture": "#texture" }
    }
},
{
    "from": [ 14.75, 0, 13 ],
    "to": [ 15, 16, 14 ],
    "faces": {
        "down":  { "uv": [ 13, 14, 14.5, 13 ], "texture": "#texture" },
        "up":    { "uv": [ 13, 13, 14.5, 14 ], "texture": "#texture" },
        "north": { "uv": [ 1.5, 0, 3, 16 ], "texture": "#texture" },
        "south": { "uv": [ 13, 0, 14.5, 16 ], "texture": "#texture" },
        "west":  { "uv": [ 13, 0, 14.5, 16 ], "texture": "#texture" },
        "east":  { "uv": [ 1.5, 0, 3, 16 ], "texture": "#texture" }
    }
}
],
"display": {
    "thirdperson": {
        "rotation": [ -113, -4, 0 ],
        "translation": [ 0.1, -0.2, -1.7 ],
        "scale": [ 1, 1, 1 ]
    },
    "head": {
        "rotation": [ -90, 0, 0 ],
        "translation": [ 0, 2, 0 ],
        "scale": [ 1, 1, 1 ]
    },
    "firstperson": {
        "rotation": [ 11, 154, -8 ],
        "translation": [ 0, 2.2, 0.2 ],
        "scale": [ 1, 1, 1 ]
    },
    "gui": {
        "rotation": [ 0, 0, 0 ],
        "translation": [ -4, -3, 0 ],
        "scale": [ 1.3, 1.3, 1.3 ]
    }
}
}