{
"__comment": "Designed by Woliongames with BDcraft Cubik PRO 0.86 Beta - http://bdcraft.net",
"textures": {
    "particle": "blocks/leaves_acacia",
    "texture": "blocks/leaves_acacia"
},
"elements": [ 
{
    "from": [ -2.5, 12.9175, -2 ],
    "to": [ 18.62, 13, 19.12 ],
    "rotation": { "origin": [ -2.5, 13, -2 ], "axis": "x", "angle": 45 },
    "faces": {
        "down":  { "uv": [ 16, 16, 0, 0 ], "texture": "#texture", "tintindex": 0 },
        "up":    { "uv": [ 0, 0, 16, 16 ], "texture": "#texture", "tintindex": 0 }
    }
},
{
    "from": [ -3, 3.9175, -4.375 ],
    "to": [ 19.44, 4, 18.065 ],
    "rotation": { "origin": [ -3, 4, -4.375 ], "axis": "z", "angle": 22.5 },
    "faces": {
        "down":  { "uv": [ 16, 0, 0, 16 ], "rotation": 90, "texture": "#texture", "tintindex": 0 },
        "up":    { "uv": [ 0, 0, 16, 16 ], "rotation": 90, "texture": "#texture", "tintindex": 0 }
    }
},
{
    "from": [ 1.625, -0.0575, 0.5625 ],
    "to": [ 1.7075, 21.0625, 21.6825 ],
    "rotation": { "origin": [ 1.625, -0.0575, 0.5625 ], "axis": "y", "angle": 45 },
    "faces": {
        "west":  { "uv": [ 0, 0, 16, 16 ], "texture": "#texture", "tintindex": 0, "cullface": "south" },
        "east":  { "uv": [ 0, 0, 16, 16 ], "texture": "#texture", "tintindex": 0, "cullface": "south" }
    }
},
{
    "from": [ 10.1875, -1.12, -2 ],
    "to": [ 10.27, 20, 19.12 ],
    "rotation": { "origin": [ 10.1875, -1.12, -2 ], "axis": "y", "angle": -22.5 },
    "faces": {
        "west":  { "uv": [ 0, 0, 16, 16 ], "texture": "#texture", "tintindex": 0 },
        "east":  { "uv": [ 0, 0, 16, 16 ], "texture": "#texture", "tintindex": 0 }
    }
},
{
    "from": [ 11, -4.62, -3.9375 ],
    "to": [ 11.0825, 16.5, 17.1825 ],
    "rotation": { "origin": [ 11, 16.5, -3.9375 ], "axis": "z", "angle": -22.5 },
    "faces": {
        "west":  { "uv": [ 0, 0, 16, 16 ], "texture": "#texture", "tintindex": 0 },
        "east":  { "uv": [ 0, 0, 16, 16 ], "texture": "#texture", "tintindex": 0 }
    }
},
{
    "from": [ -4, -0.0575, 7 ],
    "to": [ 17.12, 21.0625, 7.0825 ],
    "rotation": { "origin": [ -4, -0.0575, 7 ], "axis": "y", "angle": 22.5 },
    "faces": {
        "north": { "uv": [ 16, 0, 0, 16 ], "texture": "#texture", "tintindex": 0 },
        "south": { "uv": [ 0, 0, 16, 16 ], "texture": "#texture", "tintindex": 0 }
    }
},
{
    "from": [ 3.4375, -0.245, 2.75 ],
    "to": [ 24.5575, 20.875, 2.8325 ],
    "rotation": { "origin": [ 3.4375, -0.245, 2.75 ], "axis": "y", "angle": -45 },
    "faces": {
        "north": { "uv": [ 16, 0, 0, 16 ], "texture": "#texture", "tintindex": 0, "cullface": "east" },
        "south": { "uv": [ 0, 0, 16, 16 ], "texture": "#texture", "tintindex": 0, "cullface": "east" }
    }
},
{
    "from": [ 1, -2.745, 5 ],
    "to": [ 22.12, 18.375, 5.0825 ],
    "rotation": { "origin": [ 1, 18.375, 5 ], "axis": "x", "angle": -22.5 },
    "faces": {
        "north": { "uv": [ 16, 0, 1, 16 ], "texture": "#texture", "tintindex": 0, "cullface": "east" },
        "south": { "uv": [ 1, 0, 16, 16 ], "texture": "#texture", "tintindex": 0, "cullface": "east" }
    }
},
{
    "from": [ 2.5, 13.105, -3 ],
    "to": [ 23.62, 13.1875, 18.12 ],
    "rotation": { "origin": [ 2.5, 13.1875, -3 ], "axis": "z", "angle": -45 },
    "faces": {
        "down":  { "uv": [ 0, 16, 16, 0 ], "rotation": 90, "texture": "#texture", "tintindex": 0, "cullface": "east" },
        "up":    { "uv": [ 0, 0, 16, 16 ], "rotation": 270, "texture": "#texture", "tintindex": 0, "cullface": "east" }
    }
}
]
}