{
"__comment": "Designed by Woliongames with BDcraft Cubik PRO 0.86 Beta - http://bdcraft.net",
"textures": {
    "particle": "blocks/leaves_acacia",
    "texture": "blocks/leaves_acacia"
},
"elements": [ 
{
    "from": [ -4, -0.13125, 1.1875 ],
    "to": [ 19.1, -0.0625, 23.1875 ],
    "rotation": { "origin": [ -4, -0.0625, 1.1875 ], "axis": "x", "angle": -45 },
    "faces": {
        "down":  { "uv": [ 16, 0, 0, 16 ], "texture": "#texture", "tintindex": 0, "cullface": "south" },
        "up":    { "uv": [ 16, 16, 0, 0 ], "texture": "#texture", "tintindex": 0, "cullface": "south" }
    }
},
{
    "from": [ -3, 2.11875, 0 ],
    "to": [ 17.9, 2.1875, 19.8 ],
    "rotation": { "origin": [ -3, 2.1875, 0 ], "axis": "x", "angle": -22.5 },
    "faces": {
        "down":  { "uv": [ 0, 0, 16, 16 ], "texture": "#texture", "tintindex": 0 },
        "up":    { "uv": [ 0, 16, 16, 0 ], "texture": "#texture", "tintindex": 0 }
    }
},
{
    "from": [ -1, 0.99375, -0.125 ],
    "to": [ 21, 1.0625, 19.675 ],
    "rotation": { "origin": [ -1, 1.0625, -0.125 ], "axis": "z", "angle": 45 },
    "faces": {
        "down":  { "uv": [ 16, 0, 0, 16 ], "rotation": 90, "texture": "#texture", "tintindex": 0 },
        "up":    { "uv": [ 0, 0, 16, 16 ], "rotation": 90, "texture": "#texture", "tintindex": 0 }
    }
},
{
    "from": [ 8, -3.3125, -1.25 ],
    "to": [ 8.06875, 18.6875, 20.75 ],
    "rotation": { "origin": [ 8, 18.6875, -1.25 ], "axis": "z", "angle": 22.5 },
    "faces": {
        "west":  { "uv": [ 0, 0, 16, 16 ], "texture": "#texture", "tintindex": 0 },
        "east":  { "uv": [ 16, 0, 0, 16 ], "texture": "#texture", "tintindex": 0 }
    }
},
{
    "from": [ -3, -4.4, 2.5 ],
    "to": [ -2.93125, 16.5, 23.4 ],
    "rotation": { "origin": [ -3, -4.4, 2.5 ], "axis": "y", "angle": 45 },
    "faces": {
        "west":  { "uv": [ 0, 0, 16, 16 ], "texture": "#texture", "tintindex": 0, "cullface": "west" },
        "east":  { "uv": [ 16, 0, 0, 16 ], "texture": "#texture", "tintindex": 0, "cullface": "west" }
    }
},
{
    "from": [ 8, -3.3375, -1.875 ],
    "to": [ 8.06875, 17.5625, 20.125 ],
    "rotation": { "origin": [ 8, -3.3375, -1.875 ], "axis": "y", "angle": -22.5 },
    "faces": {
        "west":  { "uv": [ 0, 0, 16, 16 ], "texture": "#texture", "tintindex": 0 },
        "east":  { "uv": [ 16, 0, 0, 16 ], "texture": "#texture", "tintindex": 0 }
    }
},
{
    "from": [ -4.0625, -3.325, 3.625 ],
    "to": [ 20.1375, 20.875, 3.69375 ],
    "rotation": { "origin": [ -4.0625, 20.875, 3.625 ], "axis": "x", "angle": -22.5 },
    "faces": {
        "north": { "uv": [ 0, 0, 16, 16 ], "texture": "#texture", "tintindex": 0 },
        "south": { "uv": [ 16, 0, 0, 16 ], "texture": "#texture", "tintindex": 0 }
    }
},
{
    "from": [ 1.4375, -1.15, 13.5 ],
    "to": [ 21.2375, 19.75, 13.5688 ],
    "rotation": { "origin": [ 1.4375, -1.15, 13.5 ], "axis": "y", "angle": 22.5 },
    "faces": {
        "north": { "uv": [ 0, 0, 16, 16 ], "texture": "#texture", "tintindex": 0, "cullface": "east" },
        "south": { "uv": [ 16, 0, 0, 16 ], "texture": "#texture", "tintindex": 0, "cullface": "east" }
    }
},
{
    "from": [ -4.0625, -7.725, 2.5 ],
    "to": [ 19.0375, 15.375, 2.56875 ],
    "rotation": { "origin": [ -4.0625, 15.375, 2.5 ], "axis": "x", "angle": -45 },
    "faces": {
        "north": { "uv": [ 0, 0, 16, 16 ], "texture": "#texture", "tintindex": 0, "cullface": "down" },
        "south": { "uv": [ 16, 0, 0, 16 ], "texture": "#texture", "tintindex": 0, "cullface": "down" }
    }
}
],
"display": {
    "thirdperson": {
        "rotation": [ 0, 0, 0 ],
        "translation": [ 0, 0, 0 ],
        "scale": [ 1, 1, 1 ]
    },
    "head": {
        "rotation": [ 0, 0, 0 ],
        "translation": [ 0, 0, 0 ],
        "scale": [ 1, 1, 1 ]
    },
    "firstperson": {
        "rotation": [ 0, 0, 0 ],
        "translation": [ 0, 0, 0 ],
        "scale": [ 1, 1, 1 ]
    },
    "gui": {
        "rotation": [ 0, 0, 0 ],
        "translation": [ 0, 0, 0 ],
        "scale": [ 0.75, 0.75, 0.75 ]
    }
}
}