{
"ambientocclusion": false,
"textures": {
    "particle": "blocks/planks_oak",
    "texture": "blocks/planks_oak",
    "hebel": "blocks/iron_block"
},
"elements": [ 
{
    "__comment": "hebel*",
    "from": [ 14.25, 13, 2.75 ],
    "to": [ 14.75, 13.75, 3.25 ],
    "faces": {
        "down":  { "uv": [ 0, 0, 16, 16 ], "rotation": 90, "texture": "#hebel" },
        "up":    { "uv": [ 0, 0, 16, 16 ], "rotation": 270, "texture": "#hebel" },
        "north": { "uv": [ 0, 0, 16, 16 ], "texture": "#hebel" },
        "south": { "uv": [ 0, 0, 16, 16 ], "texture": "#hebel" },
        "west":  { "uv": [ 0, 0, 16, 16 ], "texture": "#hebel" },
        "east":  { "uv": [ 0, 0, 16, 16 ], "texture": "#hebel" }
    }
},
{
    "__comment": "hebel*",
    "from": [ 13.25, 13, 2.75 ],
    "to": [ 13.75, 13.75, 3.25 ],
    "faces": {
        "down":  { "uv": [ 0, 0, 16, 16 ], "rotation": 90, "texture": "#hebel" },
        "up":    { "uv": [ 0, 0, 16, 16 ], "rotation": 270, "texture": "#hebel" },
        "north": { "uv": [ 0, 0, 16, 16 ], "texture": "#hebel" },
        "south": { "uv": [ 0, 0, 16, 16 ], "texture": "#hebel" },
        "west":  { "uv": [ 0, 0, 16, 16 ], "texture": "#hebel" },
        "east":  { "uv": [ 0, 0, 16, 16 ], "texture": "#hebel" }
    }
},
{
    "__comment": "hebel*",
    "from": [ 1.75, 14.75, 1.6875 ],
    "to": [ 2.25, 15.25, 4 ],
    "rotation": { "origin": [ 1.75, 15.25, 1.6875 ], "axis": "x", "angle": 45 },
    "faces": {
        "down":  { "uv": [ 0, 0, 16, 16 ], "rotation": 90, "texture": "#hebel" },
        "up":    { "uv": [ 0, 0, 16, 16 ], "rotation": 270, "texture": "#hebel" },
        "north": { "uv": [ 0, 0, 16, 16 ], "texture": "#hebel" },
        "south": { "uv": [ 0, 0, 16, 16 ], "texture": "#hebel" },
        "west":  { "uv": [ 0, 0, 16, 16 ], "texture": "#hebel" },
        "east":  { "uv": [ 0, 0, 16, 16 ], "texture": "#hebel" }
    }
},
{
    "__comment": "rechts",
    "from": [ 12.5, 0, 6.5 ],
    "to": [ 15.5, 16, 9.5 ],
    "faces": {
        "down":  { "uv": [ 6, 6, 10, 10 ], "rotation": 180, "texture": "#texture", "cullface": "down" },
        "up":    { "uv": [ 6, 6, 10, 10 ], "rotation": 180, "texture": "#texture" },
        "north": { "uv": [ 6, 0, 10, 16 ], "texture": "#texture" },
        "south": { "uv": [ 6, 0, 10, 16 ], "texture": "#texture" },
        "west":  { "uv": [ 6, 0, 10, 16 ], "texture": "#texture" },
        "east":  { "uv": [ 6, 0, 10, 16 ], "texture": "#texture" }
    }
},
{
    "__comment": "rechts",
    "from": [ 13.25, 0, 9.75 ],
    "to": [ 14.75, 16, 10 ],
    "faces": {
        "down":  { "uv": [ 6, 6, 10, 10 ], "rotation": 180, "texture": "#texture", "cullface": "down" },
        "up":    { "uv": [ 6, 6, 10, 10 ], "rotation": 180, "texture": "#texture" },
        "north": { "uv": [ 6, 0, 10, 16 ], "texture": "#texture" },
        "south": { "uv": [ 6, 0, 10, 16 ], "texture": "#texture" },
        "west":  { "uv": [ 6, 0, 10, 16 ], "texture": "#texture" },
        "east":  { "uv": [ 6, 0, 10, 16 ], "texture": "#texture" }
    }
},
{
    "__comment": "rechts",
    "from": [ 12.75, 0, 9.5 ],
    "to": [ 15.25, 16, 9.75 ],
    "faces": {
        "down":  { "uv": [ 6, 6, 10, 10 ], "rotation": 180, "texture": "#texture", "cullface": "down" },
        "up":    { "uv": [ 6, 6, 10, 10 ], "rotation": 180, "texture": "#texture" },
        "north": { "uv": [ 6, 0, 10, 16 ], "texture": "#texture" },
        "south": { "uv": [ 6, 0, 10, 16 ], "texture": "#texture" },
        "west":  { "uv": [ 6, 0, 10, 16 ], "texture": "#texture" },
        "east":  { "uv": [ 6, 0, 10, 16 ], "texture": "#texture" }
    }
},
{
    "__comment": "rechts",
    "from": [ 12.75, 0, 6.25 ],
    "to": [ 15.25, 16, 6.5 ],
    "faces": {
        "down":  { "uv": [ 6, 6, 10, 10 ], "rotation": 180, "texture": "#texture", "cullface": "down" },
        "up":    { "uv": [ 6, 6, 10, 10 ], "rotation": 180, "texture": "#texture" },
        "north": { "uv": [ 6, 0, 10, 16 ], "texture": "#texture" },
        "south": { "uv": [ 6, 0, 10, 16 ], "texture": "#texture" },
        "west":  { "uv": [ 6, 0, 10, 16 ], "texture": "#texture" },
        "east":  { "uv": [ 6, 0, 10, 16 ], "texture": "#texture" }
    }
},
{
    "__comment": "rechts",
    "from": [ 13.25, 0, 6 ],
    "to": [ 14.75, 16, 6.25 ],
    "faces": {
        "down":  { "uv": [ 6, 6, 10, 10 ], "rotation": 180, "texture": "#texture", "cullface": "down" },
        "up":    { "uv": [ 6, 6, 10, 10 ], "rotation": 180, "texture": "#texture" },
        "north": { "uv": [ 6, 0, 10, 16 ], "texture": "#texture" },
        "south": { "uv": [ 6, 0, 10, 16 ], "texture": "#texture" },
        "west":  { "uv": [ 6, 0, 10, 16 ], "texture": "#texture" },
        "east":  { "uv": [ 6, 0, 10, 16 ], "texture": "#texture" }
    }
},
{
    "__comment": "rechts",
    "from": [ 12.25, 0, 6.75 ],
    "to": [ 12.5, 16, 9.25 ],
    "faces": {
        "down":  { "uv": [ 6, 6, 10, 10 ], "rotation": 180, "texture": "#texture", "cullface": "down" },
        "up":    { "uv": [ 6, 6, 10, 10 ], "rotation": 180, "texture": "#texture" },
        "north": { "uv": [ 6, 0, 10, 16 ], "texture": "#texture" },
        "south": { "uv": [ 6, 0, 10, 16 ], "texture": "#texture" },
        "west":  { "uv": [ 6, 0, 10, 16 ], "texture": "#texture" },
        "east":  { "uv": [ 6, 0, 10, 16 ], "texture": "#texture" }
    }
},
{
    "__comment": "rechts",
    "from": [ 12, 0, 7.25 ],
    "to": [ 12.25, 16, 8.75 ],
    "faces": {
        "down":  { "uv": [ 6, 6, 10, 10 ], "rotation": 180, "texture": "#texture", "cullface": "down" },
        "up":    { "uv": [ 6, 6, 10, 10 ], "rotation": 180, "texture": "#texture" },
        "north": { "uv": [ 6, 0, 10, 16 ], "texture": "#texture" },
        "south": { "uv": [ 6, 0, 10, 16 ], "texture": "#texture" },
        "west":  { "uv": [ 6, 0, 10, 16 ], "texture": "#texture" },
        "east":  { "uv": [ 6, 0, 10, 16 ], "texture": "#texture" }
    }
},
{
    "__comment": "rechts",
    "from": [ 15.5, 0, 6.75 ],
    "to": [ 15.75, 16, 9.25 ],
    "faces": {
        "down":  { "uv": [ 6, 6, 10, 10 ], "rotation": 180, "texture": "#texture", "cullface": "down" },
        "up":    { "uv": [ 6, 6, 10, 10 ], "rotation": 180, "texture": "#texture" },
        "north": { "uv": [ 6, 0, 10, 16 ], "texture": "#texture" },
        "south": { "uv": [ 6, 0, 10, 16 ], "texture": "#texture" },
        "west":  { "uv": [ 6, 0, 10, 16 ], "texture": "#texture" },
        "east":  { "uv": [ 6, 0, 10, 16 ], "texture": "#texture" }
    }
},
{
    "__comment": "rechts",
    "from": [ 15.75, 0, 7.25 ],
    "to": [ 16, 16, 8.75 ],
    "faces": {
        "down":  { "uv": [ 6, 6, 10, 10 ], "rotation": 180, "texture": "#texture", "cullface": "down" },
        "up":    { "uv": [ 6, 6, 10, 10 ], "rotation": 180, "texture": "#texture" },
        "north": { "uv": [ 6, 0, 10, 16 ], "texture": "#texture" },
        "south": { "uv": [ 6, 0, 10, 16 ], "texture": "#texture" },
        "west":  { "uv": [ 6, 0, 10, 16 ], "texture": "#texture" },
        "east":  { "uv": [ 6, 0, 10, 16 ], "texture": "#texture" }
    }
},
{
    "from": [ 13.25, 3, 2 ],
    "to": [ 14.75, 5.25, 6 ],
    "faces": {
        "down":  { "uv": [ 7.25, 6, 8.75, 0 ], "texture": "#texture" },
        "up":    { "uv": [ 7.25, 0, 8.75, 6 ], "texture": "#texture" },
        "north": { "uv": [ 7.25, 10.75, 8.75, 13 ], "texture": "#texture" },
        "south": { "uv": [ 7.25, 10.75, 8.75, 13 ], "texture": "#texture" },
        "west":  { "uv": [ 0, 10.75, 6, 13 ], "texture": "#texture" },
        "east":  { "uv": [ 10, 10.75, 16, 13 ], "texture": "#texture" }
    }
},
{
    "from": [ 13.25, 10.75, 2 ],
    "to": [ 14.75, 13, 6 ],
    "faces": {
        "down":  { "uv": [ 7.25, 6, 8.75, 0 ], "texture": "#texture" },
        "up":    { "uv": [ 7.25, 0, 8.75, 6 ], "texture": "#texture" },
        "north": { "uv": [ 7.25, 3, 8.75, 5.25 ], "texture": "#texture" },
        "south": { "uv": [ 7.25, 3, 8.75, 5.25 ], "texture": "#texture" },
        "west":  { "uv": [ 0, 3, 6, 5.25 ], "texture": "#texture" },
        "east":  { "uv": [ 10, 3, 16, 5.25 ], "texture": "#texture" }
    }
},
{
    "from": [ 13.5, 13, 2 ],
    "to": [ 14.5, 13.25, 6 ],
    "faces": {
        "down":  { "uv": [ 7.5, 6, 8.5, 0 ], "texture": "#texture" },
        "up":    { "uv": [ 7.5, 0, 8.5, 6 ], "texture": "#texture" },
        "north": { "uv": [ 7.5, 2.75, 8.5, 3 ], "texture": "#texture" },
        "south": { "uv": [ 7.5, 2.75, 8.5, 3 ], "texture": "#texture" },
        "west":  { "uv": [ 0, 2.75, 6, 3 ], "texture": "#texture" },
        "east":  { "uv": [ 10, 2.75, 16, 3 ], "texture": "#texture" }
    }
},
{
    "from": [ 13.5, 2.75, 3 ],
    "to": [ 14.5, 3, 6 ],
    "faces": {
        "down":  { "uv": [ 7.5, 6, 8.5, 0 ], "texture": "#texture" },
        "up":    { "uv": [ 7.5, 0, 8.5, 6 ], "texture": "#texture" },
        "north": { "uv": [ 7.5, 13, 8.5, 13.25 ], "texture": "#texture" },
        "south": { "uv": [ 7.5, 13, 8.5, 13.25 ], "texture": "#texture" },
        "west":  { "uv": [ 0, 13, 6, 13.25 ], "texture": "#texture" },
        "east":  { "uv": [ 10, 13, 16, 13.25 ], "texture": "#texture" }
    }
},
{
    "from": [ 14.75, 11, 2 ],
    "to": [ 15, 12.75, 6.25 ],
    "faces": {
        "down":  { "uv": [ 8.75, 6.25, 9, 0 ], "texture": "#texture" },
        "up":    { "uv": [ 8.75, 0, 9, 6.25 ], "texture": "#texture" },
        "north": { "uv": [ 7, 3.25, 7.25, 5 ], "texture": "#texture" },
        "south": { "uv": [ 8.75, 3.25, 9, 5 ], "texture": "#texture" },
        "west":  { "uv": [ 0, 3.25, 6.25, 5 ], "texture": "#texture" },
        "east":  { "uv": [ 9.75, 3.25, 16, 5 ], "texture": "#texture" }
    }
},
{
    "from": [ 13, 11, 2 ],
    "to": [ 13.25, 12.75, 6.25 ],
    "faces": {
        "down":  { "uv": [ 7, 6.25, 7.25, 0 ], "texture": "#texture" },
        "up":    { "uv": [ 7, 0, 7.25, 6.25 ], "texture": "#texture" },
        "north": { "uv": [ 8.75, 3.25, 9, 5 ], "texture": "#texture" },
        "south": { "uv": [ 7, 3.25, 7.25, 5 ], "texture": "#texture" },
        "west":  { "uv": [ 0, 3.25, 6.25, 5 ], "texture": "#texture" },
        "east":  { "uv": [ 9.75, 3.25, 16, 5 ], "texture": "#texture" }
    }
},
{
    "from": [ 13, 3.25, 2 ],
    "to": [ 13.25, 5, 6.25 ],
    "faces": {
        "down":  { "uv": [ 7, 6.25, 7.25, 0 ], "texture": "#texture" },
        "up":    { "uv": [ 7, 0, 7.25, 6.25 ], "texture": "#texture" },
        "north": { "uv": [ 8.75, 11, 9, 12.75 ], "texture": "#texture" },
        "south": { "uv": [ 7, 11, 7.25, 12.75 ], "texture": "#texture" },
        "west":  { "uv": [ 0, 11, 6.25, 12.75 ], "texture": "#texture" },
        "east":  { "uv": [ 9.75, 11, 16, 12.75 ], "texture": "#texture" }
    }
},
{
    "from": [ 14.75, 3.25, 2 ],
    "to": [ 15, 5, 6.25 ],
    "faces": {
        "down":  { "uv": [ 8.75, 6.25, 9, 0 ], "texture": "#texture" },
        "up":    { "uv": [ 8.75, 0, 9, 6.25 ], "texture": "#texture" },
        "north": { "uv": [ 7, 11, 7.25, 12.75 ], "texture": "#texture" },
        "south": { "uv": [ 8.75, 11, 9, 12.75 ], "texture": "#texture" },
        "west":  { "uv": [ 0, 11, 6.25, 12.75 ], "texture": "#texture" },
        "east":  { "uv": [ 9.75, 11, 16, 12.75 ], "texture": "#texture" }
    }
},
{
    "__comment": "tor*",
    "from": [ 13.5, 5.25, 2 ],
    "to": [ 14.5, 10.75, 6 ],
    "faces": {
        "down":  { "uv": [ 7, 8.5, 8, 7.5 ], "rotation": 90, "texture": "#texture" },
        "up":    { "uv": [ 7, 7.5, 8, 8.5 ], "rotation": 270, "texture": "#texture" },
        "north": { "uv": [ 7.5, 5.25, 8.5, 10.75 ], "texture": "#texture" },
        "south": { "uv": [ 7.5, 5.25, 8.5, 10.75 ], "texture": "#texture" },
        "west":  { "uv": [ 8, 5.25, 9, 10.75 ], "texture": "#texture" },
        "east":  { "uv": [ 7, 5.25, 8, 10.75 ], "texture": "#texture" }
    }
},
{
    "__comment": "rechts*",
    "from": [ 0.5, 0, 6.5 ],
    "to": [ 3.5, 16, 9.5 ],
    "faces": {
        "down":  { "uv": [ 6, 6, 10, 10 ], "rotation": 180, "texture": "#texture", "cullface": "down" },
        "up":    { "uv": [ 6, 6, 10, 10 ], "rotation": 180, "texture": "#texture" },
        "north": { "uv": [ 6, 0, 10, 16 ], "texture": "#texture" },
        "south": { "uv": [ 6, 0, 10, 16 ], "texture": "#texture" },
        "west":  { "uv": [ 6, 0, 10, 16 ], "texture": "#texture" },
        "east":  { "uv": [ 6, 0, 10, 16 ], "texture": "#texture" }
    }
},
{
    "__comment": "rechts*",
    "from": [ 1.25, 0, 9.75 ],
    "to": [ 2.75, 16, 10 ],
    "faces": {
        "down":  { "uv": [ 6, 6, 10, 10 ], "rotation": 180, "texture": "#texture", "cullface": "down" },
        "up":    { "uv": [ 6, 6, 10, 10 ], "rotation": 180, "texture": "#texture" },
        "north": { "uv": [ 6, 0, 10, 16 ], "texture": "#texture" },
        "south": { "uv": [ 6, 0, 10, 16 ], "texture": "#texture" },
        "west":  { "uv": [ 6, 0, 10, 16 ], "texture": "#texture" },
        "east":  { "uv": [ 6, 0, 10, 16 ], "texture": "#texture" }
    }
},
{
    "__comment": "rechts*",
    "from": [ 0.75, 0, 9.5 ],
    "to": [ 3.25, 16, 9.75 ],
    "faces": {
        "down":  { "uv": [ 6, 6, 10, 10 ], "rotation": 180, "texture": "#texture", "cullface": "down" },
        "up":    { "uv": [ 6, 6, 10, 10 ], "rotation": 180, "texture": "#texture" },
        "north": { "uv": [ 6, 0, 10, 16 ], "texture": "#texture" },
        "south": { "uv": [ 6, 0, 10, 16 ], "texture": "#texture" },
        "west":  { "uv": [ 6, 0, 10, 16 ], "texture": "#texture" },
        "east":  { "uv": [ 6, 0, 10, 16 ], "texture": "#texture" }
    }
},
{
    "__comment": "rechts*",
    "from": [ 0.75, 0, 6.25 ],
    "to": [ 3.25, 16, 6.5 ],
    "faces": {
        "down":  { "uv": [ 6, 6, 10, 10 ], "rotation": 180, "texture": "#texture", "cullface": "down" },
        "up":    { "uv": [ 6, 6, 10, 10 ], "rotation": 180, "texture": "#texture" },
        "north": { "uv": [ 6, 0, 10, 16 ], "texture": "#texture" },
        "south": { "uv": [ 6, 0, 10, 16 ], "texture": "#texture" },
        "west":  { "uv": [ 6, 0, 10, 16 ], "texture": "#texture" },
        "east":  { "uv": [ 6, 0, 10, 16 ], "texture": "#texture" }
    }
},
{
    "__comment": "rechts*",
    "from": [ 1.25, 0, 6 ],
    "to": [ 2.75, 16, 6.25 ],
    "faces": {
        "down":  { "uv": [ 6, 6, 10, 10 ], "rotation": 180, "texture": "#texture", "cullface": "down" },
        "up":    { "uv": [ 6, 6, 10, 10 ], "rotation": 180, "texture": "#texture" },
        "north": { "uv": [ 6, 0, 10, 16 ], "texture": "#texture" },
        "south": { "uv": [ 6, 0, 10, 16 ], "texture": "#texture" },
        "west":  { "uv": [ 6, 0, 10, 16 ], "texture": "#texture" },
        "east":  { "uv": [ 6, 0, 10, 16 ], "texture": "#texture" }
    }
},
{
    "__comment": "rechts*",
    "from": [ 0.25, 0, 6.75 ],
    "to": [ 0.5, 16, 9.25 ],
    "faces": {
        "down":  { "uv": [ 6, 6, 10, 10 ], "rotation": 180, "texture": "#texture", "cullface": "down" },
        "up":    { "uv": [ 6, 6, 10, 10 ], "rotation": 180, "texture": "#texture" },
        "north": { "uv": [ 6, 0, 10, 16 ], "texture": "#texture" },
        "south": { "uv": [ 6, 0, 10, 16 ], "texture": "#texture" },
        "west":  { "uv": [ 6, 0, 10, 16 ], "texture": "#texture" },
        "east":  { "uv": [ 6, 0, 10, 16 ], "texture": "#texture" }
    }
},
{
    "__comment": "rechts*",
    "from": [ 0, 0, 7.25 ],
    "to": [ 0.25, 16, 8.75 ],
    "faces": {
        "down":  { "uv": [ 6, 6, 10, 10 ], "rotation": 180, "texture": "#texture", "cullface": "down" },
        "up":    { "uv": [ 6, 6, 10, 10 ], "rotation": 180, "texture": "#texture" },
        "north": { "uv": [ 6, 0, 10, 16 ], "texture": "#texture" },
        "south": { "uv": [ 6, 0, 10, 16 ], "texture": "#texture" },
        "west":  { "uv": [ 6, 0, 10, 16 ], "texture": "#texture" },
        "east":  { "uv": [ 6, 0, 10, 16 ], "texture": "#texture" }
    }
},
{
    "__comment": "rechts*",
    "from": [ 3.5, 0, 6.75 ],
    "to": [ 3.75, 16, 9.25 ],
    "faces": {
        "down":  { "uv": [ 6, 6, 10, 10 ], "rotation": 180, "texture": "#texture", "cullface": "down" },
        "up":    { "uv": [ 6, 6, 10, 10 ], "rotation": 180, "texture": "#texture" },
        "north": { "uv": [ 6, 0, 10, 16 ], "texture": "#texture" },
        "south": { "uv": [ 6, 0, 10, 16 ], "texture": "#texture" },
        "west":  { "uv": [ 6, 0, 10, 16 ], "texture": "#texture" },
        "east":  { "uv": [ 6, 0, 10, 16 ], "texture": "#texture" }
    }
},
{
    "__comment": "rechts*",
    "from": [ 3.75, 0, 7.25 ],
    "to": [ 4, 16, 8.75 ],
    "faces": {
        "down":  { "uv": [ 6, 6, 10, 10 ], "rotation": 180, "texture": "#texture", "cullface": "down" },
        "up":    { "uv": [ 6, 6, 10, 10 ], "rotation": 180, "texture": "#texture" },
        "north": { "uv": [ 6, 0, 10, 16 ], "texture": "#texture" },
        "south": { "uv": [ 6, 0, 10, 16 ], "texture": "#texture" },
        "west":  { "uv": [ 6, 0, 10, 16 ], "texture": "#texture" },
        "east":  { "uv": [ 6, 0, 10, 16 ], "texture": "#texture" }
    }
},
{
    "from": [ 1.25, 3, 2 ],
    "to": [ 2.75, 5.25, 6 ],
    "faces": {
        "down":  { "uv": [ 7.25, 6, 8.75, 0 ], "texture": "#texture" },
        "up":    { "uv": [ 7.25, 0, 8.75, 6 ], "texture": "#texture" },
        "north": { "uv": [ 7.25, 10.75, 8.75, 13 ], "texture": "#texture" },
        "south": { "uv": [ 7.25, 10.75, 8.75, 13 ], "texture": "#texture" },
        "west":  { "uv": [ 0, 10.75, 6, 13 ], "texture": "#texture" },
        "east":  { "uv": [ 10, 10.75, 16, 13 ], "texture": "#texture" }
    }
},
{
    "from": [ 1.25, 10.75, 2 ],
    "to": [ 2.75, 13, 6 ],
    "faces": {
        "down":  { "uv": [ 7.25, 6, 8.75, 0 ], "texture": "#texture" },
        "up":    { "uv": [ 7.25, 0, 8.75, 6 ], "texture": "#texture" },
        "north": { "uv": [ 7.25, 3, 8.75, 5.25 ], "texture": "#texture" },
        "south": { "uv": [ 7.25, 3, 8.75, 5.25 ], "texture": "#texture" },
        "west":  { "uv": [ 0, 3, 6, 5.25 ], "texture": "#texture" },
        "east":  { "uv": [ 10, 3, 16, 5.25 ], "texture": "#texture" }
    }
},
{
    "from": [ 1.5, 13, 2 ],
    "to": [ 2.5, 13.25, 6 ],
    "faces": {
        "down":  { "uv": [ 7.5, 6, 8.5, 0 ], "texture": "#texture" },
        "up":    { "uv": [ 7.5, 0, 8.5, 6 ], "texture": "#texture" },
        "north": { "uv": [ 7.5, 2.75, 8.5, 3 ], "texture": "#texture" },
        "south": { "uv": [ 7.5, 2.75, 8.5, 3 ], "texture": "#texture" },
        "west":  { "uv": [ 0, 2.75, 6, 3 ], "texture": "#texture" },
        "east":  { "uv": [ 10, 2.75, 16, 3 ], "texture": "#texture" }
    }
},
{
    "from": [ 1.5, 2.75, 3 ],
    "to": [ 2.5, 3, 6 ],
    "faces": {
        "down":  { "uv": [ 7.5, 6, 8.5, 0 ], "texture": "#texture" },
        "up":    { "uv": [ 7.5, 0, 8.5, 6 ], "texture": "#texture" },
        "north": { "uv": [ 7.5, 13, 8.5, 13.25 ], "texture": "#texture" },
        "south": { "uv": [ 7.5, 13, 8.5, 13.25 ], "texture": "#texture" },
        "west":  { "uv": [ 0, 13, 6, 13.25 ], "texture": "#texture" },
        "east":  { "uv": [ 10, 13, 16, 13.25 ], "texture": "#texture" }
    }
},
{
    "from": [ 2.75, 11, 2 ],
    "to": [ 3, 12.75, 6.25 ],
    "faces": {
        "down":  { "uv": [ 8.75, 6.25, 9, 0 ], "texture": "#texture" },
        "up":    { "uv": [ 8.75, 0, 9, 6.25 ], "texture": "#texture" },
        "north": { "uv": [ 7, 3.25, 7.25, 5 ], "texture": "#texture" },
        "south": { "uv": [ 8.75, 3.25, 9, 5 ], "texture": "#texture" },
        "west":  { "uv": [ 0, 3.25, 6.25, 5 ], "texture": "#texture" },
        "east":  { "uv": [ 9.75, 3.25, 16, 5 ], "texture": "#texture" }
    }
},
{
    "from": [ 1, 11, 2 ],
    "to": [ 1.25, 12.75, 6.25 ],
    "faces": {
        "down":  { "uv": [ 7, 6.25, 7.25, 0 ], "texture": "#texture" },
        "up":    { "uv": [ 7, 0, 7.25, 6.25 ], "texture": "#texture" },
        "north": { "uv": [ 8.75, 3.25, 9, 5 ], "texture": "#texture" },
        "south": { "uv": [ 7, 3.25, 7.25, 5 ], "texture": "#texture" },
        "west":  { "uv": [ 0, 3.25, 6.25, 5 ], "texture": "#texture" },
        "east":  { "uv": [ 9.75, 3.25, 16, 5 ], "texture": "#texture" }
    }
},
{
    "from": [ 1, 3.25, 2 ],
    "to": [ 1.25, 5, 6.25 ],
    "faces": {
        "down":  { "uv": [ 7, 6.25, 7.25, 0 ], "texture": "#texture" },
        "up":    { "uv": [ 7, 0, 7.25, 6.25 ], "texture": "#texture" },
        "north": { "uv": [ 8.75, 11, 9, 12.75 ], "texture": "#texture" },
        "south": { "uv": [ 7, 11, 7.25, 12.75 ], "texture": "#texture" },
        "west":  { "uv": [ 0, 11, 6.25, 12.75 ], "texture": "#texture" },
        "east":  { "uv": [ 9.75, 11, 16, 12.75 ], "texture": "#texture" }
    }
},
{
    "from": [ 2.75, 3.25, 2 ],
    "to": [ 3, 5, 6.25 ],
    "faces": {
        "down":  { "uv": [ 8.75, 6.25, 9, 0 ], "texture": "#texture" },
        "up":    { "uv": [ 8.75, 0, 9, 6.25 ], "texture": "#texture" },
        "north": { "uv": [ 7, 11, 7.25, 12.75 ], "texture": "#texture" },
        "south": { "uv": [ 8.75, 11, 9, 12.75 ], "texture": "#texture" },
        "west":  { "uv": [ 0, 11, 6.25, 12.75 ], "texture": "#texture" },
        "east":  { "uv": [ 9.75, 11, 16, 12.75 ], "texture": "#texture" }
    }
},
{
    "__comment": "hebel",
    "from": [ 1.5, 13.25, 2.5 ],
    "to": [ 2.5, 14, 3.5 ],
    "faces": {
        "down":  { "uv": [ 0, 0, 16, 16 ], "rotation": 90, "texture": "#hebel" },
        "up":    { "uv": [ 0, 0, 16, 16 ], "rotation": 270, "texture": "#hebel" },
        "north": { "uv": [ 0, 0, 16, 16 ], "texture": "#hebel" },
        "south": { "uv": [ 0, 0, 16, 16 ], "texture": "#hebel" },
        "west":  { "uv": [ 0, 0, 16, 16 ], "texture": "#hebel" },
        "east":  { "uv": [ 0, 0, 16, 16 ], "texture": "#hebel" }
    }
},
{
    "__comment": "tor*",
    "from": [ 1.5, 5.25, 2 ],
    "to": [ 2.5, 10.75, 6 ],
    "faces": {
        "down":  { "uv": [ 7, 8.5, 8, 7.5 ], "rotation": 90, "texture": "#texture" },
        "up":    { "uv": [ 7, 7.5, 8, 8.5 ], "rotation": 270, "texture": "#texture" },
        "north": { "uv": [ 7.5, 5.25, 8.5, 10.75 ], "texture": "#texture" },
        "south": { "uv": [ 7.5, 5.25, 8.5, 10.75 ], "texture": "#texture" },
        "west":  { "uv": [ 8, 5.25, 9, 10.75 ], "texture": "#texture" },
        "east":  { "uv": [ 7, 5.25, 8, 10.75 ], "texture": "#texture" }
    }
}
]
}