{
"ambientocclusion": false,
"textures": {
    "particle": "blocks/planks_oak",
    "texture": "blocks/planks_oak"
},
"elements": [ 
{
    "from": [ 7.25, 3, 0 ],
    "to": [ 8.75, 5.25, 6 ],
    "faces": {
        "down":  { "uv": [ 7.25, 6, 8.75, 0 ], "texture": "#texture" },
        "up":    { "uv": [ 7.25, 0, 8.75, 6 ], "texture": "#texture" },
        "north": { "uv": [ 7.25, 10.75, 8.75, 13 ], "texture": "#texture" },
        "south": { "uv": [ 7.25, 10.75, 8.75, 13 ], "texture": "#texture" },
        "west":  { "uv": [ 0, 10.75, 6, 13 ], "texture": "#texture" },
        "east":  { "uv": [ 10, 10.75, 16, 13 ], "texture": "#texture" }
    }
},
{
    "from": [ 7.25, 10.75, 0 ],
    "to": [ 8.75, 13, 6 ],
    "faces": {
        "down":  { "uv": [ 7.25, 6, 8.75, 0 ], "texture": "#texture" },
        "up":    { "uv": [ 7.25, 0, 8.75, 6 ], "texture": "#texture" },
        "north": { "uv": [ 7.25, 3, 8.75, 5.25 ], "texture": "#texture" },
        "south": { "uv": [ 7.25, 3, 8.75, 5.25 ], "texture": "#texture" },
        "west":  { "uv": [ 0, 3, 6, 5.25 ], "texture": "#texture" },
        "east":  { "uv": [ 10, 3, 16, 5.25 ], "texture": "#texture" }
    }
},
{
    "from": [ 7.5, 13, 0 ],
    "to": [ 8.5, 13.25, 6 ],
    "faces": {
        "down":  { "uv": [ 7.5, 6, 8.5, 0 ], "texture": "#texture" },
        "up":    { "uv": [ 7.5, 0, 8.5, 6 ], "texture": "#texture" },
        "north": { "uv": [ 7.5, 2.75, 8.5, 3 ], "texture": "#texture" },
        "south": { "uv": [ 7.5, 2.75, 8.5, 3 ], "texture": "#texture" },
        "west":  { "uv": [ 0, 2.75, 6, 3 ], "texture": "#texture" },
        "east":  { "uv": [ 10, 2.75, 16, 3 ], "texture": "#texture" }
    }
},
{
    "from": [ 7.5, 10.5, 0 ],
    "to": [ 8.5, 10.75, 6 ],
    "faces": {
        "down":  { "uv": [ 7.5, 6, 8.5, 0 ], "texture": "#texture" },
        "up":    { "uv": [ 7.5, 0, 8.5, 6 ], "texture": "#texture" },
        "north": { "uv": [ 7.5, 5.25, 8.5, 5.5 ], "texture": "#texture" },
        "south": { "uv": [ 7.5, 5.25, 8.5, 5.5 ], "texture": "#texture" },
        "west":  { "uv": [ 0, 5.25, 6, 5.5 ], "texture": "#texture" },
        "east":  { "uv": [ 10, 5.25, 16, 5.5 ], "texture": "#texture" }
    }
},
{
    "from": [ 7.5, 5.25, 0 ],
    "to": [ 8.5, 5.5, 6 ],
    "faces": {
        "down":  { "uv": [ 7.5, 6, 8.5, 0 ], "texture": "#texture" },
        "up":    { "uv": [ 7.5, 0, 8.5, 6 ], "texture": "#texture" },
        "north": { "uv": [ 7.5, 10.5, 8.5, 10.75 ], "texture": "#texture" },
        "south": { "uv": [ 7.5, 10.5, 8.5, 10.75 ], "texture": "#texture" },
        "west":  { "uv": [ 0, 10.5, 6, 10.75 ], "texture": "#texture" },
        "east":  { "uv": [ 10, 10.5, 16, 10.75 ], "texture": "#texture" }
    }
},
{
    "from": [ 7.5, 2.75, 0 ],
    "to": [ 8.5, 3, 6 ],
    "faces": {
        "down":  { "uv": [ 7.5, 6, 8.5, 0 ], "texture": "#texture" },
        "up":    { "uv": [ 7.5, 0, 8.5, 6 ], "texture": "#texture" },
        "north": { "uv": [ 7.5, 13, 8.5, 13.25 ], "texture": "#texture" },
        "south": { "uv": [ 7.5, 13, 8.5, 13.25 ], "texture": "#texture" },
        "west":  { "uv": [ 0, 13, 6, 13.25 ], "texture": "#texture" },
        "east":  { "uv": [ 10, 13, 16, 13.25 ], "texture": "#texture" }
    }
},
{
    "from": [ 8.75, 11, 0 ],
    "to": [ 9, 12.75, 6.25 ],
    "faces": {
        "down":  { "uv": [ 8.75, 6.25, 9, 0 ], "texture": "#texture" },
        "up":    { "uv": [ 8.75, 0, 9, 6.25 ], "texture": "#texture" },
        "north": { "uv": [ 7, 3.25, 7.25, 5 ], "texture": "#texture" },
        "south": { "uv": [ 8.75, 3.25, 9, 5 ], "texture": "#texture" },
        "west":  { "uv": [ 0, 3.25, 6.25, 5 ], "texture": "#texture" },
        "east":  { "uv": [ 9.75, 3.25, 16, 5 ], "texture": "#texture" }
    }
},
{
    "from": [ 7, 11, 0 ],
    "to": [ 7.25, 12.75, 6.25 ],
    "faces": {
        "down":  { "uv": [ 7, 6.25, 7.25, 0 ], "texture": "#texture" },
        "up":    { "uv": [ 7, 0, 7.25, 6.25 ], "texture": "#texture" },
        "north": { "uv": [ 8.75, 3.25, 9, 5 ], "texture": "#texture" },
        "south": { "uv": [ 7, 3.25, 7.25, 5 ], "texture": "#texture" },
        "west":  { "uv": [ 0, 3.25, 6.25, 5 ], "texture": "#texture" },
        "east":  { "uv": [ 9.75, 3.25, 16, 5 ], "texture": "#texture" }
    }
},
{
    "from": [ 7, 3.25, 0 ],
    "to": [ 7.25, 5, 6.25 ],
    "faces": {
        "down":  { "uv": [ 7, 6.25, 7.25, 0 ], "texture": "#texture" },
        "up":    { "uv": [ 7, 0, 7.25, 6.25 ], "texture": "#texture" },
        "north": { "uv": [ 8.75, 11, 9, 12.75 ], "texture": "#texture" },
        "south": { "uv": [ 7, 11, 7.25, 12.75 ], "texture": "#texture" },
        "west":  { "uv": [ 0, 11, 6.25, 12.75 ], "texture": "#texture" },
        "east":  { "uv": [ 9.75, 11, 16, 12.75 ], "texture": "#texture" }
    }
},
{
    "from": [ 8.75, 3.25, 0 ],
    "to": [ 9, 5, 6.25 ],
    "faces": {
        "down":  { "uv": [ 8.75, 6.25, 9, 0 ], "texture": "#texture" },
        "up":    { "uv": [ 8.75, 0, 9, 6.25 ], "texture": "#texture" },
        "north": { "uv": [ 7, 11, 7.25, 12.75 ], "texture": "#texture" },
        "south": { "uv": [ 8.75, 11, 9, 12.75 ], "texture": "#texture" },
        "west":  { "uv": [ 0, 11, 6.25, 12.75 ], "texture": "#texture" },
        "east":  { "uv": [ 9.75, 11, 16, 12.75 ], "texture": "#texture" }
    }
},
{
    "from": [ 9.75, 3.25, 8.75 ],
    "to": [ 16, 5, 9 ],
    "faces": {
        "down":  { "uv": [ 8.75, 6.25, 9, 0 ], "rotation": 270, "texture": "#texture" },
        "up":    { "uv": [ 8.75, 0, 9, 6.25 ], "rotation": 90, "texture": "#texture" },
        "north": { "uv": [ 0, 11, 6.25, 12.75 ], "texture": "#texture" },
        "south": { "uv": [ 9.75, 11, 16, 12.75 ], "texture": "#texture" },
        "west":  { "uv": [ 8.75, 11, 9, 12.75 ], "texture": "#texture" },
        "east":  { "uv": [ 7, 11, 7.25, 12.75 ], "texture": "#texture" }
    }
},
{
    "from": [ 9.75, 3.25, 7 ],
    "to": [ 16, 5, 7.25 ],
    "faces": {
        "down":  { "uv": [ 7, 6.25, 7.25, 0 ], "rotation": 270, "texture": "#texture" },
        "up":    { "uv": [ 7, 0, 7.25, 6.25 ], "rotation": 90, "texture": "#texture" },
        "north": { "uv": [ 0, 11, 6.25, 12.75 ], "texture": "#texture" },
        "south": { "uv": [ 9.75, 11, 16, 12.75 ], "texture": "#texture" },
        "west":  { "uv": [ 7, 11, 7.25, 12.75 ], "texture": "#texture" },
        "east":  { "uv": [ 8.75, 11, 9, 12.75 ], "texture": "#texture" }
    }
},
{
    "from": [ 9.75, 11, 7 ],
    "to": [ 16, 12.75, 7.25 ],
    "faces": {
        "down":  { "uv": [ 7, 6.25, 7.25, 0 ], "rotation": 270, "texture": "#texture" },
        "up":    { "uv": [ 7, 0, 7.25, 6.25 ], "rotation": 90, "texture": "#texture" },
        "north": { "uv": [ 0, 3.25, 6.25, 5 ], "texture": "#texture" },
        "south": { "uv": [ 9.75, 3.25, 16, 5 ], "texture": "#texture" },
        "west":  { "uv": [ 7, 3.25, 7.25, 5 ], "texture": "#texture" },
        "east":  { "uv": [ 8.75, 3.25, 9, 5 ], "texture": "#texture" }
    }
},
{
    "from": [ 9.75, 11, 8.75 ],
    "to": [ 16, 12.75, 9 ],
    "faces": {
        "down":  { "uv": [ 8.75, 6.25, 9, 0 ], "rotation": 270, "texture": "#texture" },
        "up":    { "uv": [ 8.75, 0, 9, 6.25 ], "rotation": 90, "texture": "#texture" },
        "north": { "uv": [ 0, 3.25, 6.25, 5 ], "texture": "#texture" },
        "south": { "uv": [ 9.75, 3.25, 16, 5 ], "texture": "#texture" },
        "west":  { "uv": [ 8.75, 3.25, 9, 5 ], "texture": "#texture" },
        "east":  { "uv": [ 7, 3.25, 7.25, 5 ], "texture": "#texture" }
    }
},
{
    "__comment": "Center post*",
    "from": [ 7.25, 0, 6 ],
    "to": [ 8.75, 16, 6.25 ],
    "faces": {
        "down":  { "uv": [ 6, 6, 10, 10 ], "rotation": 270, "texture": "#texture", "cullface": "down" },
        "up":    { "uv": [ 6, 6, 10, 10 ], "rotation": 90, "texture": "#texture" },
        "north": { "uv": [ 6, 0, 10, 16 ], "texture": "#texture" },
        "south": { "uv": [ 6, 0, 10, 16 ], "texture": "#texture" },
        "west":  { "uv": [ 6, 0, 10, 16 ], "texture": "#texture" },
        "east":  { "uv": [ 6, 0, 10, 16 ], "texture": "#texture" }
    }
},
{
    "__comment": "Center post*",
    "from": [ 6.75, 0, 6.25 ],
    "to": [ 9.25, 16, 6.5 ],
    "faces": {
        "down":  { "uv": [ 6, 6, 10, 10 ], "rotation": 270, "texture": "#texture", "cullface": "down" },
        "up":    { "uv": [ 6, 6, 10, 10 ], "rotation": 90, "texture": "#texture" },
        "north": { "uv": [ 6, 0, 10, 16 ], "texture": "#texture" },
        "south": { "uv": [ 6, 0, 10, 16 ], "texture": "#texture" },
        "west":  { "uv": [ 6, 0, 10, 16 ], "texture": "#texture" },
        "east":  { "uv": [ 6, 0, 10, 16 ], "texture": "#texture" }
    }
},
{
    "__comment": "Center post*",
    "from": [ 7.25, 0, 9.75 ],
    "to": [ 8.75, 16, 10 ],
    "faces": {
        "down":  { "uv": [ 6, 6, 10, 10 ], "rotation": 270, "texture": "#texture", "cullface": "down" },
        "up":    { "uv": [ 6, 6, 10, 10 ], "rotation": 90, "texture": "#texture" },
        "north": { "uv": [ 6, 0, 10, 16 ], "texture": "#texture" },
        "south": { "uv": [ 6, 0, 10, 16 ], "texture": "#texture" },
        "west":  { "uv": [ 6, 0, 10, 16 ], "texture": "#texture" },
        "east":  { "uv": [ 6, 0, 10, 16 ], "texture": "#texture" }
    }
},
{
    "__comment": "Center post*",
    "from": [ 6.75, 0, 9.5 ],
    "to": [ 9.25, 16, 9.75 ],
    "faces": {
        "down":  { "uv": [ 6, 6, 10, 10 ], "rotation": 270, "texture": "#texture", "cullface": "down" },
        "up":    { "uv": [ 6, 6, 10, 10 ], "rotation": 90, "texture": "#texture" },
        "north": { "uv": [ 6, 0, 10, 16 ], "texture": "#texture" },
        "south": { "uv": [ 6, 0, 10, 16 ], "texture": "#texture" },
        "west":  { "uv": [ 6, 0, 10, 16 ], "texture": "#texture" },
        "east":  { "uv": [ 6, 0, 10, 16 ], "texture": "#texture" }
    }
},
{
    "__comment": "Center post*",
    "from": [ 6, 0, 7.25 ],
    "to": [ 6.25, 16, 8.75 ],
    "faces": {
        "down":  { "uv": [ 6, 6, 10, 10 ], "rotation": 270, "texture": "#texture", "cullface": "down" },
        "up":    { "uv": [ 6, 6, 10, 10 ], "rotation": 90, "texture": "#texture" },
        "north": { "uv": [ 6, 0, 10, 16 ], "texture": "#texture" },
        "south": { "uv": [ 6, 0, 10, 16 ], "texture": "#texture" },
        "west":  { "uv": [ 6, 0, 10, 16 ], "texture": "#texture" },
        "east":  { "uv": [ 6, 0, 10, 16 ], "texture": "#texture" }
    }
},
{
    "__comment": "Center post*",
    "from": [ 6.25, 0, 6.75 ],
    "to": [ 6.5, 16, 9.25 ],
    "faces": {
        "down":  { "uv": [ 6, 6, 10, 10 ], "rotation": 270, "texture": "#texture", "cullface": "down" },
        "up":    { "uv": [ 6, 6, 10, 10 ], "rotation": 90, "texture": "#texture" },
        "north": { "uv": [ 6, 0, 10, 16 ], "texture": "#texture" },
        "south": { "uv": [ 6, 0, 10, 16 ], "texture": "#texture" },
        "west":  { "uv": [ 6, 0, 10, 16 ], "texture": "#texture" },
        "east":  { "uv": [ 6, 0, 10, 16 ], "texture": "#texture" }
    }
},
{
    "__comment": "Center post*",
    "from": [ 9.5, 0, 6.75 ],
    "to": [ 9.75, 16, 9.25 ],
    "faces": {
        "down":  { "uv": [ 6, 6, 10, 10 ], "rotation": 270, "texture": "#texture", "cullface": "down" },
        "up":    { "uv": [ 6, 6, 10, 10 ], "rotation": 90, "texture": "#texture" },
        "north": { "uv": [ 6, 0, 10, 16 ], "texture": "#texture" },
        "south": { "uv": [ 6, 0, 10, 16 ], "texture": "#texture" },
        "west":  { "uv": [ 6, 0, 10, 16 ], "texture": "#texture" },
        "east":  { "uv": [ 6, 0, 10, 16 ], "texture": "#texture" }
    }
},
{
    "__comment": "Center post*",
    "from": [ 9.75, 0, 7.25 ],
    "to": [ 10, 16, 8.75 ],
    "faces": {
        "down":  { "uv": [ 6, 6, 10, 10 ], "rotation": 270, "texture": "#texture", "cullface": "down" },
        "up":    { "uv": [ 6, 6, 10, 10 ], "rotation": 90, "texture": "#texture" },
        "north": { "uv": [ 6, 0, 10, 16 ], "texture": "#texture" },
        "south": { "uv": [ 6, 0, 10, 16 ], "texture": "#texture" },
        "west":  { "uv": [ 6, 0, 10, 16 ], "texture": "#texture" },
        "east":  { "uv": [ 6, 0, 10, 16 ], "texture": "#texture" }
    }
},
{
    "from": [ 10, 2.75, 7.5 ],
    "to": [ 16, 3, 8.5 ],
    "faces": {
        "down":  { "uv": [ 7.5, 6, 8.5, 0 ], "rotation": 270, "texture": "#texture" },
        "up":    { "uv": [ 7.5, 0, 8.5, 6 ], "rotation": 90, "texture": "#texture" },
        "north": { "uv": [ 0, 13, 6, 13.25 ], "texture": "#texture" },
        "south": { "uv": [ 10, 13, 16, 13.25 ], "texture": "#texture" },
        "west":  { "uv": [ 7.5, 13, 8.5, 13.25 ], "texture": "#texture" },
        "east":  { "uv": [ 7.5, 13, 8.5, 13.25 ], "texture": "#texture" }
    }
},
{
    "from": [ 10, 5.25, 7.5 ],
    "to": [ 16, 5.5, 8.5 ],
    "faces": {
        "down":  { "uv": [ 7.5, 6, 8.5, 0 ], "rotation": 270, "texture": "#texture" },
        "up":    { "uv": [ 7.5, 0, 8.5, 6 ], "rotation": 90, "texture": "#texture" },
        "north": { "uv": [ 0, 10.5, 6, 10.75 ], "texture": "#texture" },
        "south": { "uv": [ 10, 10.5, 16, 10.75 ], "texture": "#texture" },
        "west":  { "uv": [ 7.5, 10.5, 8.5, 10.75 ], "texture": "#texture" },
        "east":  { "uv": [ 7.5, 10.5, 8.5, 10.75 ], "texture": "#texture" }
    }
},
{
    "from": [ 10, 10.5, 7.5 ],
    "to": [ 16, 10.75, 8.5 ],
    "faces": {
        "down":  { "uv": [ 7.5, 6, 8.5, 0 ], "rotation": 270, "texture": "#texture" },
        "up":    { "uv": [ 7.5, 0, 8.5, 6 ], "rotation": 90, "texture": "#texture" },
        "north": { "uv": [ 0, 5.25, 6, 5.5 ], "texture": "#texture" },
        "south": { "uv": [ 10, 5.25, 16, 5.5 ], "texture": "#texture" },
        "west":  { "uv": [ 7.5, 5.25, 8.5, 5.5 ], "texture": "#texture" },
        "east":  { "uv": [ 7.5, 5.25, 8.5, 5.5 ], "texture": "#texture" }
    }
},
{
    "from": [ 10, 13, 7.5 ],
    "to": [ 16, 13.25, 8.5 ],
    "faces": {
        "down":  { "uv": [ 7.5, 6, 8.5, 0 ], "rotation": 270, "texture": "#texture" },
        "up":    { "uv": [ 7.5, 0, 8.5, 6 ], "rotation": 90, "texture": "#texture" },
        "north": { "uv": [ 0, 2.75, 6, 3 ], "texture": "#texture" },
        "south": { "uv": [ 10, 2.75, 16, 3 ], "texture": "#texture" },
        "west":  { "uv": [ 7.5, 2.75, 8.5, 3 ], "texture": "#texture" },
        "east":  { "uv": [ 7.5, 2.75, 8.5, 3 ], "texture": "#texture" }
    }
},
{
    "__comment": "Center post",
    "from": [ 6.5, 0, 6.5 ],
    "to": [ 9.5, 16, 9.5 ],
    "faces": {
        "down":  { "uv": [ 6, 6, 10, 10 ], "rotation": 270, "texture": "#texture", "cullface": "down" },
        "up":    { "uv": [ 6, 6, 10, 10 ], "rotation": 90, "texture": "#texture" },
        "north": { "uv": [ 6, 0, 10, 16 ], "texture": "#texture" },
        "south": { "uv": [ 6, 0, 10, 16 ], "texture": "#texture" },
        "west":  { "uv": [ 6, 0, 10, 16 ], "texture": "#texture" },
        "east":  { "uv": [ 6, 0, 10, 16 ], "texture": "#texture" }
    }
},
{
    "from": [ 10, 10.75, 7.25 ],
    "to": [ 16, 13, 8.75 ],
    "faces": {
        "down":  { "uv": [ 7.25, 6, 8.75, 0 ], "rotation": 270, "texture": "#texture" },
        "up":    { "uv": [ 7.25, 0, 8.75, 6 ], "rotation": 90, "texture": "#texture" },
        "north": { "uv": [ 0, 3, 6, 5.25 ], "texture": "#texture" },
        "south": { "uv": [ 10, 3, 16, 5.25 ], "texture": "#texture" },
        "west":  { "uv": [ 7.25, 3, 8.75, 5.25 ], "texture": "#texture" },
        "east":  { "uv": [ 7.25, 3, 8.75, 5.25 ], "texture": "#texture" }
    }
},
{
    "from": [ 10, 3, 7.25 ],
    "to": [ 16, 5.25, 8.75 ],
    "faces": {
        "down":  { "uv": [ 7.25, 6, 8.75, 0 ], "rotation": 270, "texture": "#texture" },
        "up":    { "uv": [ 7.25, 0, 8.75, 6 ], "rotation": 90, "texture": "#texture" },
        "north": { "uv": [ 0, 10.75, 6, 13 ], "texture": "#texture" },
        "south": { "uv": [ 10, 10.75, 16, 13 ], "texture": "#texture" },
        "west":  { "uv": [ 7.25, 10.75, 8.75, 13 ], "texture": "#texture" },
        "east":  { "uv": [ 7.25, 10.75, 8.75, 13 ], "texture": "#texture" }
    }
}
]
}