{
"ambientocclusion": false,
"textures": {
    "particle": "blocks/planks_spruce",
    "texture": "blocks/planks_spruce"
},
"elements": [ 
{
    "from": [ 7.5, 3, 9 ],
    "to": [ 8.5, 4, 16 ],
    "faces": {
        "down":  { "uv": [ 7.5, 16, 8.5, 9 ], "texture": "#texture" },
        "up":    { "uv": [ 7.5, 9, 8.5, 16 ], "texture": "#texture" },
        "north": { "uv": [ 7.5, 12, 8.5, 13 ], "texture": "#texture" },
        "west":  { "uv": [ 9, 12, 16, 13 ], "texture": "#texture" },
        "east":  { "uv": [ 0, 12, 7, 13 ], "texture": "#texture" }
    }
},
{
    "from": [ 7.5, 6, 9 ],
    "to": [ 8.5, 7, 16 ],
    "faces": {
        "down":  { "uv": [ 7.5, 16, 8.5, 9 ], "texture": "#texture" },
        "up":    { "uv": [ 7.5, 9, 8.5, 16 ], "texture": "#texture" },
        "north": { "uv": [ 7.5, 9, 8.5, 10 ], "texture": "#texture" },
        "west":  { "uv": [ 9, 9, 16, 10 ], "texture": "#texture" },
        "east":  { "uv": [ 0, 9, 7, 10 ], "texture": "#texture" }
    }
},
{
    "from": [ 7.5, 9, 9 ],
    "to": [ 8.5, 10, 16 ],
    "faces": {
        "down":  { "uv": [ 7.5, 16, 8.5, 9 ], "texture": "#texture" },
        "up":    { "uv": [ 7.5, 9, 8.5, 16 ], "texture": "#texture" },
        "north": { "uv": [ 7.5, 6, 8.5, 7 ], "texture": "#texture" },
        "west":  { "uv": [ 9, 6, 16, 7 ], "texture": "#texture" },
        "east":  { "uv": [ 0, 6, 7, 7 ], "texture": "#texture" }
    }
},
{
    "from": [ 7.5, 12, 9 ],
    "to": [ 8.5, 13, 16 ],
    "faces": {
        "down":  { "uv": [ 7.5, 16, 8.5, 9 ], "texture": "#texture" },
        "up":    { "uv": [ 7.5, 9, 8.5, 16 ], "texture": "#texture" },
        "north": { "uv": [ 7.5, 3, 8.5, 4 ], "texture": "#texture" },
        "west":  { "uv": [ 9, 3, 16, 4 ], "texture": "#texture" },
        "east":  { "uv": [ 0, 3, 7, 4 ], "texture": "#texture" }
    }
},
{
    "from": [ 7.5, 3, 0 ],
    "to": [ 8.5, 4, 7 ],
    "faces": {
        "down":  { "uv": [ 7.5, 7, 8.5, 0 ], "texture": "#texture" },
        "up":    { "uv": [ 7.5, 0, 8.5, 7 ], "texture": "#texture" },
        "north": { "uv": [ 7.5, 12, 8.5, 13 ], "texture": "#texture" },
        "west":  { "uv": [ 0, 12, 7, 13 ], "texture": "#texture" },
        "east":  { "uv": [ 9, 12, 16, 13 ], "texture": "#texture" }
    }
},
{
    "from": [ 7.5, 6, 0 ],
    "to": [ 8.5, 7, 7 ],
    "faces": {
        "down":  { "uv": [ 7.5, 7, 8.5, 0 ], "texture": "#texture" },
        "up":    { "uv": [ 7.5, 0, 8.5, 7 ], "texture": "#texture" },
        "north": { "uv": [ 7.5, 9, 8.5, 10 ], "texture": "#texture" },
        "west":  { "uv": [ 0, 9, 7, 10 ], "texture": "#texture" },
        "east":  { "uv": [ 9, 9, 16, 10 ], "texture": "#texture" }
    }
},
{
    "from": [ 7.5, 9, 0 ],
    "to": [ 8.5, 10, 7 ],
    "faces": {
        "down":  { "uv": [ 7.5, 7, 8.5, 0 ], "texture": "#texture" },
        "up":    { "uv": [ 7.5, 0, 8.5, 7 ], "texture": "#texture" },
        "north": { "uv": [ 7.5, 6, 8.5, 7 ], "texture": "#texture" },
        "west":  { "uv": [ 0, 6, 7, 7 ], "texture": "#texture" },
        "east":  { "uv": [ 9, 6, 16, 7 ], "texture": "#texture" }
    }
},
{
    "from": [ 7.5, 12, 0 ],
    "to": [ 8.5, 13, 7 ],
    "faces": {
        "down":  { "uv": [ 7.5, 7, 8.5, 0 ], "texture": "#texture" },
        "up":    { "uv": [ 7.5, 0, 8.5, 7 ], "texture": "#texture" },
        "north": { "uv": [ 7.5, 3, 8.5, 4 ], "texture": "#texture" },
        "west":  { "uv": [ 0, 3, 7, 4 ], "texture": "#texture" },
        "east":  { "uv": [ 9, 3, 16, 4 ], "texture": "#texture" }
    }
},
{
    "from": [ 7.5, 12, 0 ],
    "to": [ 8.5, 13, 7 ],
    "faces": {
        "down":  { "uv": [ 7.5, 7, 8.5, 0 ], "texture": "#texture" },
        "up":    { "uv": [ 7.5, 0, 8.5, 7 ], "texture": "#texture" },
        "north": { "uv": [ 7.5, 3, 8.5, 4 ], "texture": "#texture" },
        "west":  { "uv": [ 0, 3, 7, 4 ], "texture": "#texture" },
        "east":  { "uv": [ 9, 3, 16, 4 ], "texture": "#texture" }
    }
},
{
    "from": [ 7.5, 12, 0 ],
    "to": [ 8.5, 13, 7 ],
    "faces": {
        "down":  { "uv": [ 7.5, 7, 8.5, 0 ], "texture": "#texture" },
        "up":    { "uv": [ 7.5, 0, 8.5, 7 ], "texture": "#texture" },
        "north": { "uv": [ 7.5, 3, 8.5, 4 ], "texture": "#texture" },
        "west":  { "uv": [ 0, 3, 7, 4 ], "texture": "#texture" },
        "east":  { "uv": [ 9, 3, 16, 4 ], "texture": "#texture" }
    }
},
{
    "from": [ 7.5, 12, 0 ],
    "to": [ 8.5, 13, 7 ],
    "faces": {
        "down":  { "uv": [ 7.5, 7, 8.5, 0 ], "texture": "#texture" },
        "up":    { "uv": [ 7.5, 0, 8.5, 7 ], "texture": "#texture" },
        "north": { "uv": [ 7.5, 3, 8.5, 4 ], "texture": "#texture" },
        "west":  { "uv": [ 0, 3, 7, 4 ], "texture": "#texture" },
        "east":  { "uv": [ 9, 3, 16, 4 ], "texture": "#texture" }
    }
},
{
    "from": [ 9, 3, 7.5 ],
    "to": [ 16, 4, 8.5 ],
    "faces": {
        "down":  { "uv": [ 9, 8.5, 16, 7.5 ], "texture": "#texture" },
        "up":    { "uv": [ 9, 7.5, 16, 8.5 ], "texture": "#texture" },
        "north": { "uv": [ 0, 12, 7, 13 ], "texture": "#texture" },
        "south": { "uv": [ 9, 12, 16, 13 ], "texture": "#texture" },
        "east":  { "uv": [ 7.5, 12, 8.5, 13 ], "texture": "#texture" }
    }
},
{
    "from": [ 9, 6, 7.5 ],
    "to": [ 16, 7, 8.5 ],
    "faces": {
        "down":  { "uv": [ 9, 8.5, 16, 7.5 ], "texture": "#texture" },
        "up":    { "uv": [ 9, 7.5, 16, 8.5 ], "texture": "#texture" },
        "north": { "uv": [ 0, 9, 7, 10 ], "texture": "#texture" },
        "south": { "uv": [ 9, 9, 16, 10 ], "texture": "#texture" },
        "east":  { "uv": [ 7.5, 9, 8.5, 10 ], "texture": "#texture" }
    }
},
{
    "from": [ 9, 9, 7.5 ],
    "to": [ 16, 10, 8.5 ],
    "faces": {
        "down":  { "uv": [ 9, 8.5, 16, 7.5 ], "texture": "#texture" },
        "up":    { "uv": [ 9, 7.5, 16, 8.5 ], "texture": "#texture" },
        "north": { "uv": [ 0, 6, 7, 7 ], "texture": "#texture" },
        "south": { "uv": [ 9, 6, 16, 7 ], "texture": "#texture" },
        "east":  { "uv": [ 7.5, 6, 8.5, 7 ], "texture": "#texture" }
    }
},
{
    "from": [ 9, 12, 7.5 ],
    "to": [ 16, 13, 8.5 ],
    "faces": {
        "down":  { "uv": [ 9, 8.5, 16, 7.5 ], "texture": "#texture" },
        "up":    { "uv": [ 9, 7.5, 16, 8.5 ], "texture": "#texture" },
        "north": { "uv": [ 0, 3, 7, 4 ], "texture": "#texture" },
        "south": { "uv": [ 9, 3, 16, 4 ], "texture": "#texture" },
        "east":  { "uv": [ 7.5, 3, 8.5, 4 ], "texture": "#texture" }
    }
},
{
    "__comment": "Center post",
    "from": [ 6, 15, 6 ],
    "to": [ 10, 16, 10 ],
    "faces": {
        "down":  { "uv": [ 6, 6, 10, 10 ], "texture": "#texture", "cullface": "down" },
        "up":    { "uv": [ 6, 6, 10, 10 ], "texture": "#texture" },
        "north": { "uv": [ 6, 0, 10, 16 ], "texture": "#texture" },
        "south": { "uv": [ 6, 0, 10, 16 ], "texture": "#texture" },
        "west":  { "uv": [ 6, 0, 10, 16 ], "texture": "#texture" },
        "east":  { "uv": [ 6, 0, 10, 16 ], "texture": "#texture" }
    }
},
{
    "from": [ 7, 1, 7 ],
    "to": [ 9, 15, 9 ],
    "faces": {
        "north": { "uv": [ 7, 1, 9, 15 ], "texture": "#texture" },
        "south": { "uv": [ 7, 1, 9, 15 ], "texture": "#texture" },
        "west":  { "uv": [ 7, 1, 9, 15 ], "texture": "#texture" },
        "east":  { "uv": [ 7, 1, 9, 15 ], "texture": "#texture" }
    }
},
{
    "__comment": "Center post*",
    "from": [ 6, 0, 6 ],
    "to": [ 10, 1, 10 ],
    "faces": {
        "down":  { "uv": [ 6, 6, 10, 10 ], "texture": "#texture", "cullface": "down" },
        "up":    { "uv": [ 6, 6, 10, 10 ], "texture": "#texture" },
        "north": { "uv": [ 6, 0, 10, 16 ], "texture": "#texture" },
        "south": { "uv": [ 6, 0, 10, 16 ], "texture": "#texture" },
        "west":  { "uv": [ 6, 0, 10, 16 ], "texture": "#texture" },
        "east":  { "uv": [ 6, 0, 10, 16 ], "texture": "#texture" }
    }
}
]
}