{
"ambientocclusion": false,
"textures": {
    "particle": "blocks/planks_spruce",
    "texture": "blocks/planks_spruce"
},
"elements": [ 
{
    "from": [ 13.25, 2.75, 7.25 ],
    "to": [ 13.75, 13.75, 8.75 ],
    "faces": {
        "down":  { "uv": [ 8, 8.75, 9, 7.25 ], "texture": "#texture" },
        "up":    { "uv": [ 8, 7.25, 9, 8.75 ], "texture": "#texture" },
        "north": { "uv": [ 7, 2.5, 8, 13.5 ], "texture": "#texture" },
        "south": { "uv": [ 8, 2.5, 9, 13.5 ], "texture": "#texture" },
        "west":  { "uv": [ 7.25, 2.5, 8.75, 13.5 ], "texture": "#texture" },
        "east":  { "uv": [ 7.25, 2.5, 8.75, 13.5 ], "texture": "#texture" }
    }
},
{
    "from": [ 2.25, 2.75, 7.25 ],
    "to": [ 2.75, 13.75, 8.75 ],
    "faces": {
        "down":  { "uv": [ 7, 8.75, 8, 7.25 ], "texture": "#texture" },
        "up":    { "uv": [ 7, 7.25, 8, 8.75 ], "texture": "#texture" },
        "north": { "uv": [ 8, 2.5, 9, 13.5 ], "texture": "#texture" },
        "south": { "uv": [ 7, 2.5, 8, 13.5 ], "texture": "#texture" },
        "west":  { "uv": [ 7.25, 2.5, 8.75, 13.5 ], "texture": "#texture" },
        "east":  { "uv": [ 7.25, 2.5, 8.75, 13.5 ], "texture": "#texture" }
    }
},
{
    "from": [ 3, 2.75, 7.75 ],
    "to": [ 16.75, 3.75, 8.25 ],
    "rotation": { "origin": [ 3, 3.75, 7.75 ], "axis": "z", "angle": 45 },
    "faces": {
        "down":  { "uv": [ 2.25, 8.5, 13.75, 7.5 ], "texture": "#texture" },
        "up":    { "uv": [ 2.25, 7.5, 13.75, 8.5 ], "texture": "#texture" },
        "north": { "uv": [ 2.25, 12, 13.75, 13 ], "texture": "#texture" },
        "south": { "uv": [ 2.25, 12, 13.75, 13 ], "texture": "#texture" },
        "west":  { "uv": [ 7.5, 12, 8.5, 13 ], "texture": "#texture" },
        "east":  { "uv": [ 7.5, 12, 8.5, 13 ], "texture": "#texture" }
    }
},
{
    "__comment": "Center post",
    "from": [ 0, 15, 6.75 ],
    "to": [ 2.5, 16, 9.25 ],
    "faces": {
        "down":  { "uv": [ 6, 6, 10, 10 ], "texture": "#texture", "cullface": "down" },
        "up":    { "uv": [ 6, 6, 10, 10 ], "texture": "#texture" },
        "north": { "uv": [ 6, 0, 10, 16 ], "texture": "#texture" },
        "south": { "uv": [ 6, 0, 10, 16 ], "texture": "#texture" },
        "west":  { "uv": [ 6, 0, 10, 16 ], "texture": "#texture" },
        "east":  { "uv": [ 6, 0, 10, 16 ], "texture": "#texture" }
    }
},
{
    "from": [ 0.25, 1, 7 ],
    "to": [ 2.25, 15, 9 ],
    "faces": {
        "north": { "uv": [ 7, 1, 9, 15 ], "texture": "#texture" },
        "south": { "uv": [ 7, 1, 9, 15 ], "texture": "#texture" },
        "west":  { "uv": [ 7, 1, 9, 15 ], "texture": "#texture" },
        "east":  { "uv": [ 7, 1, 9, 15 ], "texture": "#texture" }
    }
},
{
    "__comment": "Center post*",
    "from": [ 0, 0, 6.75 ],
    "to": [ 2.5, 1, 9.25 ],
    "faces": {
        "down":  { "uv": [ 6, 6, 10, 10 ], "texture": "#texture", "cullface": "down" },
        "up":    { "uv": [ 6, 6, 10, 10 ], "texture": "#texture" },
        "north": { "uv": [ 6, 0, 10, 16 ], "texture": "#texture" },
        "south": { "uv": [ 6, 0, 10, 16 ], "texture": "#texture" },
        "west":  { "uv": [ 6, 0, 10, 16 ], "texture": "#texture" },
        "east":  { "uv": [ 6, 0, 10, 16 ], "texture": "#texture" }
    }
},
{
    "__comment": "Center post*",
    "from": [ 13.5, 15, 6.75 ],
    "to": [ 16, 16, 9.25 ],
    "faces": {
        "down":  { "uv": [ 6, 6, 10, 10 ], "texture": "#texture", "cullface": "down" },
        "up":    { "uv": [ 6, 6, 10, 10 ], "texture": "#texture" },
        "north": { "uv": [ 6, 0, 10, 16 ], "texture": "#texture" },
        "south": { "uv": [ 6, 0, 10, 16 ], "texture": "#texture" },
        "west":  { "uv": [ 6, 0, 10, 16 ], "texture": "#texture" },
        "east":  { "uv": [ 6, 0, 10, 16 ], "texture": "#texture" }
    }
},
{
    "__comment": "Center post*",
    "from": [ 13.5, 0, 6.75 ],
    "to": [ 16, 1, 9.25 ],
    "faces": {
        "down":  { "uv": [ 6, 6, 10, 10 ], "texture": "#texture", "cullface": "down" },
        "up":    { "uv": [ 6, 6, 10, 10 ], "texture": "#texture" },
        "north": { "uv": [ 6, 0, 10, 16 ], "texture": "#texture" },
        "south": { "uv": [ 6, 0, 10, 16 ], "texture": "#texture" },
        "west":  { "uv": [ 6, 0, 10, 16 ], "texture": "#texture" },
        "east":  { "uv": [ 6, 0, 10, 16 ], "texture": "#texture" }
    }
},
{
    "from": [ 13.75, 1, 7 ],
    "to": [ 15.75, 15, 9 ],
    "faces": {
        "north": { "uv": [ 7, 1, 9, 15 ], "texture": "#texture" },
        "south": { "uv": [ 7, 1, 9, 15 ], "texture": "#texture" },
        "west":  { "uv": [ 7, 1, 9, 15 ], "texture": "#texture" },
        "east":  { "uv": [ 7, 1, 9, 15 ], "texture": "#texture" }
    }
},
{
    "from": [ 7.5, 2.75, 7.25 ],
    "to": [ 8, 13.75, 8.75 ],
    "faces": {
        "down":  { "uv": [ 7, 8.75, 8, 7.25 ], "texture": "#texture" },
        "up":    { "uv": [ 7, 7.25, 8, 8.75 ], "texture": "#texture" },
        "north": { "uv": [ 8, 2.5, 9, 13.5 ], "texture": "#texture" },
        "south": { "uv": [ 7, 2.5, 8, 13.5 ], "texture": "#texture" },
        "west":  { "uv": [ 7.25, 2.5, 8.75, 13.5 ], "texture": "#texture" },
        "east":  { "uv": [ 7.25, 2.5, 8.75, 13.5 ], "texture": "#texture" }
    }
},
{
    "from": [ 8, 2.75, 7.25 ],
    "to": [ 8.5, 13.75, 8.75 ],
    "faces": {
        "down":  { "uv": [ 8, 8.75, 9, 7.25 ], "texture": "#texture" },
        "up":    { "uv": [ 8, 7.25, 9, 8.75 ], "texture": "#texture" },
        "north": { "uv": [ 7, 2.5, 8, 13.5 ], "texture": "#texture" },
        "south": { "uv": [ 8, 2.5, 9, 13.5 ], "texture": "#texture" },
        "west":  { "uv": [ 7.25, 2.5, 8.75, 13.5 ], "texture": "#texture" },
        "east":  { "uv": [ 7.25, 2.5, 8.75, 13.5 ], "texture": "#texture" }
    }
},
{
    "from": [ 2.25, 12.5, 7.5 ],
    "to": [ 7.5, 13.5, 8.5 ],
    "faces": {
        "down":  { "uv": [ 2, 8.5, 7, 7.5 ], "texture": "#texture" },
        "up":    { "uv": [ 2, 7.5, 7, 8.5 ], "texture": "#texture" },
        "north": { "uv": [ 9, 3, 14, 4 ], "texture": "#texture" },
        "south": { "uv": [ 2, 3, 7, 4 ], "texture": "#texture" },
        "west":  { "uv": [ 7.5, 3, 8.5, 4 ], "texture": "#texture" },
        "east":  { "uv": [ 7.5, 3, 8.5, 4 ], "texture": "#texture" }
    }
},
{
    "from": [ 2.25, 7.75, 7.5 ],
    "to": [ 7.5, 8.75, 8.5 ],
    "faces": {
        "down":  { "uv": [ 2, 8.5, 7, 7.5 ], "texture": "#texture" },
        "up":    { "uv": [ 2, 7.5, 7, 8.5 ], "texture": "#texture" },
        "north": { "uv": [ 9, 9, 14, 10 ], "texture": "#texture" },
        "south": { "uv": [ 2, 9, 7, 10 ], "texture": "#texture" },
        "west":  { "uv": [ 7.5, 9, 8.5, 10 ], "texture": "#texture" },
        "east":  { "uv": [ 7.5, 9, 8.5, 10 ], "texture": "#texture" }
    }
},
{
    "from": [ 2.25, 3, 7.5 ],
    "to": [ 7.5, 4, 8.5 ],
    "faces": {
        "down":  { "uv": [ 2, 8.5, 7, 7.5 ], "texture": "#texture" },
        "up":    { "uv": [ 2, 7.5, 7, 8.5 ], "texture": "#texture" },
        "north": { "uv": [ 9, 12, 14, 13 ], "texture": "#texture" },
        "south": { "uv": [ 2, 12, 7, 13 ], "texture": "#texture" },
        "west":  { "uv": [ 7.5, 12, 8.5, 13 ], "texture": "#texture" },
        "east":  { "uv": [ 7.5, 12, 8.5, 13 ], "texture": "#texture" }
    }
},
{
    "from": [ 8.5, 12.5, 7.5 ],
    "to": [ 13.75, 13.5, 8.5 ],
    "faces": {
        "down":  { "uv": [ 9, 8.5, 14, 7.5 ], "texture": "#texture" },
        "up":    { "uv": [ 9, 7.5, 14, 8.5 ], "texture": "#texture" },
        "north": { "uv": [ 2, 3, 7, 4 ], "texture": "#texture" },
        "south": { "uv": [ 9, 3, 14, 4 ], "texture": "#texture" },
        "west":  { "uv": [ 7.5, 3, 8.5, 4 ], "texture": "#texture" },
        "east":  { "uv": [ 7.5, 3, 8.5, 4 ], "texture": "#texture" }
    }
},
{
    "from": [ 8.5, 7.75, 7.5 ],
    "to": [ 13.75, 8.75, 8.5 ],
    "faces": {
        "down":  { "uv": [ 9, 8.5, 14, 7.5 ], "texture": "#texture" },
        "up":    { "uv": [ 9, 7.5, 14, 8.5 ], "texture": "#texture" },
        "north": { "uv": [ 2, 9, 7, 10 ], "texture": "#texture" },
        "south": { "uv": [ 9, 9, 14, 10 ], "texture": "#texture" },
        "west":  { "uv": [ 7.5, 9, 8.5, 10 ], "texture": "#texture" },
        "east":  { "uv": [ 7.5, 9, 8.5, 10 ], "texture": "#texture" }
    }
},
{
    "from": [ 8.5, 3, 7.5 ],
    "to": [ 13.75, 4, 8.5 ],
    "faces": {
        "down":  { "uv": [ 9, 8.5, 14, 7.5 ], "texture": "#texture" },
        "up":    { "uv": [ 9, 7.5, 14, 8.5 ], "texture": "#texture" },
        "north": { "uv": [ 2, 12, 7, 13 ], "texture": "#texture" },
        "south": { "uv": [ 9, 12, 14, 13 ], "texture": "#texture" },
        "west":  { "uv": [ 7.5, 12, 8.5, 13 ], "texture": "#texture" },
        "east":  { "uv": [ 7.5, 12, 8.5, 13 ], "texture": "#texture" }
    }
}
]
}