{
"ambientocclusion": false,
"textures": {
    "particle": "blocks/planks_spruce",
    "bottom": "blocks/planks_spruce",
    "top": "blocks/planks_spruce",
    "side": "blocks/planks_spruce"
},
"elements": [ 
{
    "__comment": "a",
    "from": [ 8, 4.69, 0 ],
    "to": [ 14.5, 16, 4 ],
    "rotation": { "origin": [ 8, 16, 0 ], "axis": "z", "angle": -45 },
    "faces": {
        "down":  { "uv": [ 16, 12, 14, 4 ], "texture": "#bottom" },
        "up":    { "uv": [ 0, 4, 2, 12 ], "texture": "#top" },
        "north": { "uv": [ 14, 0, 16, 16 ], "texture": "#side" },
        "south": { "uv": [ 0, 0, 2, 16 ], "texture": "#side" },
        "west":  { "uv": [ 4, 0, 12, 16 ], "rotation": 90, "texture": "#side" },
        "east":  { "uv": [ 4, 0, 12, 16 ], "rotation": 90, "texture": "#side" }
    }
},
{
    "from": [ 8, 0, 0 ],
    "to": [ 16, 16, 16 ],
    "faces": {
        "down":  { "uv": [ 8, 16, 0, 0 ], "texture": "#bottom" },
        "up":    { "uv": [ 8, 0, 16, 16 ], "texture": "#top" },
        "north": { "uv": [ 0, 0, 8, 16 ], "texture": "#side" },
        "south": { "uv": [ 8, 0, 16, 16 ], "texture": "#side" },
        "west":  { "uv": [ 0, 0, 16, 16 ], "texture": "#side" },
        "east":  { "uv": [ 0, 0, 16, 16 ], "texture": "#side" }
    }
},
{
    "from": [ 0, 0, 0 ],
    "to": [ 8, 8, 16 ],
    "faces": {
        "down":  { "uv": [ 16, 16, 8, 0 ], "texture": "#bottom" },
        "up":    { "uv": [ 0, 0, 8, 16 ], "texture": "#top" },
        "north": { "uv": [ 8, 8, 16, 16 ], "texture": "#side" },
        "south": { "uv": [ 0, 8, 8, 16 ], "texture": "#side" },
        "west":  { "uv": [ 0, 8, 16, 16 ], "texture": "#side" },
        "east":  { "uv": [ 0, 8, 16, 16 ], "texture": "#side" }
    }
},
{
    "__comment": "a",
    "from": [ 8, 4.69, 12 ],
    "to": [ 13.5, 16, 16 ],
    "rotation": { "origin": [ 8, 16, 12 ], "axis": "z", "angle": -45 },
    "faces": {
        "down":  { "uv": [ 16, 12, 14, 4 ], "texture": "#bottom" },
        "up":    { "uv": [ 0, 4, 2, 12 ], "texture": "#top" },
        "north": { "uv": [ 14, 0, 16, 16 ], "texture": "#side" },
        "south": { "uv": [ 0, 0, 2, 16 ], "texture": "#side" },
        "west":  { "uv": [ 4, 0, 12, 16 ], "rotation": 90, "texture": "#side" },
        "east":  { "uv": [ 4, 0, 12, 16 ], "rotation": 90, "texture": "#side" }
    }
}
]
}