{
"ambientocclusion": false,
"textures": {
    "particle": "blocks/planks_spruce",
    "texture": "blocks/planks_spruce"
},
"elements": [ 
{
    "__comment": "Center post*",
    "from": [ 6, 0, 6 ],
    "to": [ 10, 1, 10 ],
    "faces": {
        "down":  { "uv": [ 6, 6, 10, 10 ], "texture": "#texture", "cullface": "down" },
        "up":    { "uv": [ 6, 6, 10, 10 ], "texture": "#texture" },
        "north": { "uv": [ 6, 0, 10, 16 ], "texture": "#texture" },
        "south": { "uv": [ 6, 0, 10, 16 ], "texture": "#texture" },
        "west":  { "uv": [ 6, 0, 10, 16 ], "texture": "#texture" },
        "east":  { "uv": [ 6, 0, 10, 16 ], "texture": "#texture" }
    }
},
{
    "from": [ 7, 1, 7 ],
    "to": [ 9, 15, 9 ],
    "faces": {
        "down":  { "uv": [ 7, 9, 9, 7 ], "texture": "#texture" },
        "up":    { "uv": [ 7, 7, 9, 9 ], "texture": "#texture" },
        "north": { "uv": [ 7, 1, 9, 15 ], "texture": "#texture" },
        "south": { "uv": [ 7, 1, 9, 15 ], "texture": "#texture" },
        "west":  { "uv": [ 7, 1, 9, 15 ], "texture": "#texture" },
        "east":  { "uv": [ 7, 1, 9, 15 ], "texture": "#texture" }
    }
},
{
    "__comment": "Center post",
    "from": [ 6, 15, 6 ],
    "to": [ 10, 16, 10 ],
    "faces": {
        "down":  { "uv": [ 6, 6, 10, 10 ], "texture": "#texture", "cullface": "down" },
        "up":    { "uv": [ 6, 6, 10, 10 ], "texture": "#texture" },
        "north": { "uv": [ 6, 0, 10, 16 ], "texture": "#texture" },
        "south": { "uv": [ 6, 0, 10, 16 ], "texture": "#texture" },
        "west":  { "uv": [ 6, 0, 10, 16 ], "texture": "#texture" },
        "east":  { "uv": [ 6, 0, 10, 16 ], "texture": "#texture" }
    }
}
]
}